method,origin_index,target_index,lead_months,observed,predicted
M0 Persistence,801,801,1,0.45,0.31
M0 Persistence,802,802,1,0.84,0.45
M0 Persistence,803,803,1,0.78,0.84
M0 Persistence,804,804,1,0.63,0.78
M0 Persistence,805,805,1,0.67,0.63
M0 Persistence,806,806,1,0.74,0.67
M0 Persistence,807,807,1,1.07,0.74
M0 Persistence,808,808,1,1.1,1.07
M0 Persistence,809,809,1,1.23,1.1
M0 Persistence,810,810,1,1.35,1.23
M0 Persistence,811,811,1,1.49,1.35
M0 Persistence,812,812,1,1.67,1.49
M0 Persistence,813,813,1,1.91,1.67
M0 Persistence,814,814,1,2.21,1.91
M0 Persistence,815,815,1,2.13,2.21
M0 Persistence,816,816,1,2.13,2.13
M0 Persistence,817,817,1,1.87,2.13
M0 Persistence,818,818,1,1.5,1.87
M0 Persistence,819,819,1,1.08,1.5
M0 Persistence,820,820,1,0.63,1.08
M0 Persistence,821,821,1,0.37,0.63
M0 Persistence,822,822,1,0.01,0.37
M0 Persistence,823,823,1,-0.1,0.01
M0 Persistence,824,824,1,-0.21,-0.1
M0 Persistence,825,825,1,-0.39,-0.21
M0 Persistence,826,826,1,-0.37,-0.39
M0 Persistence,827,827,1,-0.17,-0.37
M0 Persistence,828,828,1,-0.23,-0.17
M0 Persistence,829,829,1,0.22,-0.23
M0 Persistence,830,830,1,0.18,0.22
M0 Persistence,831,831,1,0.35,0.18
M0 Persistence,832,832,1,0.4,0.35
M0 Persistence,833,833,1,0.45,0.4
M0 Persistence,834,834,1,0.38,0.45
M0 Persistence,835,835,1,0.05,0.38
M0 Persistence,836,836,1,-0.2,0.05
M0 Persistence,837,837,1,-0.12,-0.2
M0 Persistence,838,838,1,-0.44,-0.12
M0 Persistence,839,839,1,-0.65,-0.44
M0 Persistence,840,840,1,-0.64,-0.65
M0 Persistence,841,841,1,-0.48,-0.64
M0 Persistence,842,842,1,-0.49,-0.48
M0 Persistence,843,843,1,-0.11,-0.49
M0 Persistence,844,844,1,0.18,-0.11
M0 Persistence,845,845,1,0.31,0.18
M0 Persistence,846,846,1,0.39,0.31
M0 Persistence,847,847,1,0.35,0.39
M0 Persistence,848,848,1,0.5,0.35
M0 Persistence,849,849,1,1.01,0.5
M0 Persistence,850,850,1,1.15,1.01
M0 Persistence,851,851,1,1.1,1.15
M0 Persistence,852,852,1,0.88,1.1
M0 Persistence,853,853,1,0.87,0.88
M0 Persistence,854,854,1,0.92,0.87
M0 Persistence,855,855,1,0.82,0.92
M0 Persistence,856,856,1,0.83,0.82
M0 Persistence,857,857,1,0.8,0.83
M0 Persistence,858,858,1,0.65,0.8
M0 Persistence,859,859,1,0.35,0.65
M0 Persistence,860,860,1,0.18,0.35
M0 Persistence,861,861,1,0.78,0.18
M0 Persistence,862,862,1,0.82,0.78
M0 Persistence,863,863,1,0.73,0.82
M0 Persistence,864,864,1,0.84,0.73
M0 Persistence,865,865,1,0.67,0.84
M0 Persistence,866,866,1,0.65,0.67
M0 Persistence,867,867,1,0.66,0.65
M0 Persistence,868,868,1,0.05,0.66
M0 Persistence,869,869,1,-0.05,0.05
M0 Persistence,870,870,1,0.08,-0.05
M0 Persistence,871,871,1,-0.29,0.08
M0 Persistence,872,872,1,-0.66,-0.29
M0 Persistence,873,873,1,-0.9,-0.66
M0 Persistence,874,874,1,-0.89,-0.9
M0 Persistence,875,875,1,-1.02,-0.89
M0 Persistence,876,876,1,-1.12,-1.02
M0 Persistence,877,877,1,-1.0,-1.12
M0 Persistence,878,878,1,-0.64,-1.0
M0 Persistence,879,879,1,-0.47,-0.64
M0 Persistence,880,880,1,-0.25,-0.47
M0 Persistence,881,881,1,-0.03,-0.25
M0 Persistence,882,882,1,-0.18,-0.03
M0 Persistence,883,883,1,-0.36,-0.18
M0 Persistence,884,884,1,-0.49,-0.36
M0 Persistence,885,885,1,-0.74,-0.49
M0 Persistence,886,886,1,-0.69,-0.74
M0 Persistence,887,887,1,-0.89,-0.69
M0 Persistence,888,888,1,-0.56,-0.89
M0 Persistence,889,889,1,-0.55,-0.56
M0 Persistence,890,890,1,-0.67,-0.55
M0 Persistence,891,891,1,-0.74,-0.67
M0 Persistence,892,892,1,-0.78,-0.74
M0 Persistence,893,893,1,-0.52,-0.78
M0 Persistence,894,894,1,-0.5,-0.52
M0 Persistence,895,895,1,-0.8,-0.5
M0 Persistence,896,896,1,-0.93,-0.8
M0 Persistence,897,897,1,-0.83,-0.93
M0 Persistence,898,898,1,-0.74,-0.83
M0 Persistence,899,899,1,-0.63,-0.74
M0 Persistence,900,900,1,-0.57,-0.63
M0 Persistence,901,901,1,-0.47,-0.57
M0 Persistence,902,902,1,-0.08,-0.47
M0 Persistence,903,903,1,0.25,-0.08
M0 Persistence,904,904,1,0.49,0.25
M0 Persistence,905,905,1,0.86,0.49
M0 Persistence,906,906,1,0.97,0.86
M0 Persistence,907,907,1,1.2,0.97
M0 Persistence,908,908,1,1.41,1.2
M0 Persistence,909,909,1,1.51,1.41
M0 Persistence,910,910,1,1.86,1.51
M0 Persistence,911,911,1,1.76,1.86
M0 Persistence,912,912,1,1.64,1.76
M0 Persistence,913,913,1,1.39,1.64
M0 Persistence,914,914,1,1.04,1.39
M0 Persistence,915,915,1,0.98,1.04
M0 Persistence,916,916,1,0.5,0.98
M0 Persistence,917,917,1,0.37,0.5
M0 Persistence,918,918,1,0.4,0.37
M0 Persistence,919,919,1,0.19,0.4
M0 Persistence,920,920,1,-0.1,0.19
M0 Persistence,921,921,1,-0.01,-0.1
M0 Persistence,922,922,1,-0.03,-0.01
M0 Persistence,923,923,1,-0.52,-0.03
M0 Persistence,924,924,1,-0.64,-0.52
M0 Persistence,925,925,1,-0.42,-0.64
M0 Persistence,926,926,1,0.04,-0.42
M0 Persistence,927,927,1,-0.05,0.04
M0 Persistence,928,928,1,0.07,-0.05
M0 Persistence,929,929,1,0.15,0.07
M0 Persistence,930,930,1,0.14,0.15
M0 Persistence,801,803,3,0.78,0.31
M0 Persistence,802,804,3,0.63,0.45
M0 Persistence,803,805,3,0.67,0.84
M0 Persistence,804,806,3,0.74,0.78
M0 Persistence,805,807,3,1.07,0.63
M0 Persistence,806,808,3,1.1,0.67
M0 Persistence,807,809,3,1.23,0.74
M0 Persistence,808,810,3,1.35,1.07
M0 Persistence,809,811,3,1.49,1.1
M0 Persistence,810,812,3,1.67,1.23
M0 Persistence,811,813,3,1.91,1.35
M0 Persistence,812,814,3,2.21,1.49
M0 Persistence,813,815,3,2.13,1.67
M0 Persistence,814,816,3,2.13,1.91
M0 Persistence,815,817,3,1.87,2.21
M0 Persistence,816,818,3,1.5,2.13
M0 Persistence,817,819,3,1.08,2.13
M0 Persistence,818,820,3,0.63,1.87
M0 Persistence,819,821,3,0.37,1.5
M0 Persistence,820,822,3,0.01,1.08
M0 Persistence,821,823,3,-0.1,0.63
M0 Persistence,822,824,3,-0.21,0.37
M0 Persistence,823,825,3,-0.39,0.01
M0 Persistence,824,826,3,-0.37,-0.1
M0 Persistence,825,827,3,-0.17,-0.21
M0 Persistence,826,828,3,-0.23,-0.39
M0 Persistence,827,829,3,0.22,-0.37
M0 Persistence,828,830,3,0.18,-0.17
M0 Persistence,829,831,3,0.35,-0.23
M0 Persistence,830,832,3,0.4,0.22
M0 Persistence,831,833,3,0.45,0.18
M0 Persistence,832,834,3,0.38,0.35
M0 Persistence,833,835,3,0.05,0.4
M0 Persistence,834,836,3,-0.2,0.45
M0 Persistence,835,837,3,-0.12,0.38
M0 Persistence,836,838,3,-0.44,0.05
M0 Persistence,837,839,3,-0.65,-0.2
M0 Persistence,838,840,3,-0.64,-0.12
M0 Persistence,839,841,3,-0.48,-0.44
M0 Persistence,840,842,3,-0.49,-0.65
M0 Persistence,841,843,3,-0.11,-0.64
M0 Persistence,842,844,3,0.18,-0.48
M0 Persistence,843,845,3,0.31,-0.49
M0 Persistence,844,846,3,0.39,-0.11
M0 Persistence,845,847,3,0.35,0.18
M0 Persistence,846,848,3,0.5,0.31
M0 Persistence,847,849,3,1.01,0.39
M0 Persistence,848,850,3,1.15,0.35
M0 Persistence,849,851,3,1.1,0.5
M0 Persistence,850,852,3,0.88,1.01
M0 Persistence,851,853,3,0.87,1.15
M0 Persistence,852,854,3,0.92,1.1
M0 Persistence,853,855,3,0.82,0.88
M0 Persistence,854,856,3,0.83,0.87
M0 Persistence,855,857,3,0.8,0.92
M0 Persistence,856,858,3,0.65,0.82
M0 Persistence,857,859,3,0.35,0.83
M0 Persistence,858,860,3,0.18,0.8
M0 Persistence,859,861,3,0.78,0.65
M0 Persistence,860,862,3,0.82,0.35
M0 Persistence,861,863,3,0.73,0.18
M0 Persistence,862,864,3,0.84,0.78
M0 Persistence,863,865,3,0.67,0.82
M0 Persistence,864,866,3,0.65,0.73
M0 Persistence,865,867,3,0.66,0.84
M0 Persistence,866,868,3,0.05,0.67
M0 Persistence,867,869,3,-0.05,0.65
M0 Persistence,868,870,3,0.08,0.66
M0 Persistence,869,871,3,-0.29,0.05
M0 Persistence,870,872,3,-0.66,-0.05
M0 Persistence,871,873,3,-0.9,0.08
M0 Persistence,872,874,3,-0.89,-0.29
M0 Persistence,873,875,3,-1.02,-0.66
M0 Persistence,874,876,3,-1.12,-0.9
M0 Persistence,875,877,3,-1.0,-0.89
M0 Persistence,876,878,3,-0.64,-1.02
M0 Persistence,877,879,3,-0.47,-1.12
M0 Persistence,878,880,3,-0.25,-1.0
M0 Persistence,879,881,3,-0.03,-0.64
M0 Persistence,880,882,3,-0.18,-0.47
M0 Persistence,881,883,3,-0.36,-0.25
M0 Persistence,882,884,3,-0.49,-0.03
M0 Persistence,883,885,3,-0.74,-0.18
M0 Persistence,884,886,3,-0.69,-0.36
M0 Persistence,885,887,3,-0.89,-0.49
M0 Persistence,886,888,3,-0.56,-0.74
M0 Persistence,887,889,3,-0.55,-0.69
M0 Persistence,888,890,3,-0.67,-0.89
M0 Persistence,889,891,3,-0.74,-0.56
M0 Persistence,890,892,3,-0.78,-0.55
M0 Persistence,891,893,3,-0.52,-0.67
M0 Persistence,892,894,3,-0.5,-0.74
M0 Persistence,893,895,3,-0.8,-0.78
M0 Persistence,894,896,3,-0.93,-0.52
M0 Persistence,895,897,3,-0.83,-0.5
M0 Persistence,896,898,3,-0.74,-0.8
M0 Persistence,897,899,3,-0.63,-0.93
M0 Persistence,898,900,3,-0.57,-0.83
M0 Persistence,899,901,3,-0.47,-0.74
M0 Persistence,900,902,3,-0.08,-0.63
M0 Persistence,901,903,3,0.25,-0.57
M0 Persistence,902,904,3,0.49,-0.47
M0 Persistence,903,905,3,0.86,-0.08
M0 Persistence,904,906,3,0.97,0.25
M0 Persistence,905,907,3,1.2,0.49
M0 Persistence,906,908,3,1.41,0.86
M0 Persistence,907,909,3,1.51,0.97
M0 Persistence,908,910,3,1.86,1.2
M0 Persistence,909,911,3,1.76,1.41
M0 Persistence,910,912,3,1.64,1.51
M0 Persistence,911,913,3,1.39,1.86
M0 Persistence,912,914,3,1.04,1.76
M0 Persistence,913,915,3,0.98,1.64
M0 Persistence,914,916,3,0.5,1.39
M0 Persistence,915,917,3,0.37,1.04
M0 Persistence,916,918,3,0.4,0.98
M0 Persistence,917,919,3,0.19,0.5
M0 Persistence,918,920,3,-0.1,0.37
M0 Persistence,919,921,3,-0.01,0.4
M0 Persistence,920,922,3,-0.03,0.19
M0 Persistence,921,923,3,-0.52,-0.1
M0 Persistence,922,924,3,-0.64,-0.01
M0 Persistence,923,925,3,-0.42,-0.03
M0 Persistence,924,926,3,0.04,-0.52
M0 Persistence,925,927,3,-0.05,-0.64
M0 Persistence,926,928,3,0.07,-0.42
M0 Persistence,927,929,3,0.15,0.04
M0 Persistence,928,930,3,0.14,-0.05
M0 Persistence,929,931,3,-0.15,0.07
M0 Persistence,930,932,3,-0.32,0.15
M0 Persistence,801,806,6,0.74,0.31
M0 Persistence,802,807,6,1.07,0.45
M0 Persistence,803,808,6,1.1,0.84
M0 Persistence,804,809,6,1.23,0.78
M0 Persistence,805,810,6,1.35,0.63
M0 Persistence,806,811,6,1.49,0.67
M0 Persistence,807,812,6,1.67,0.74
M0 Persistence,808,813,6,1.91,1.07
M0 Persistence,809,814,6,2.21,1.1
M0 Persistence,810,815,6,2.13,1.23
M0 Persistence,811,816,6,2.13,1.35
M0 Persistence,812,817,6,1.87,1.49
M0 Persistence,813,818,6,1.5,1.67
M0 Persistence,814,819,6,1.08,1.91
M0 Persistence,815,820,6,0.63,2.21
M0 Persistence,816,821,6,0.37,2.13
M0 Persistence,817,822,6,0.01,2.13
M0 Persistence,818,823,6,-0.1,1.87
M0 Persistence,819,824,6,-0.21,1.5
M0 Persistence,820,825,6,-0.39,1.08
M0 Persistence,821,826,6,-0.37,0.63
M0 Persistence,822,827,6,-0.17,0.37
M0 Persistence,823,828,6,-0.23,0.01
M0 Persistence,824,829,6,0.22,-0.1
M0 Persistence,825,830,6,0.18,-0.21
M0 Persistence,826,831,6,0.35,-0.39
M0 Persistence,827,832,6,0.4,-0.37
M0 Persistence,828,833,6,0.45,-0.17
M0 Persistence,829,834,6,0.38,-0.23
M0 Persistence,830,835,6,0.05,0.22
M0 Persistence,831,836,6,-0.2,0.18
M0 Persistence,832,837,6,-0.12,0.35
M0 Persistence,833,838,6,-0.44,0.4
M0 Persistence,834,839,6,-0.65,0.45
M0 Persistence,835,840,6,-0.64,0.38
M0 Persistence,836,841,6,-0.48,0.05
M0 Persistence,837,842,6,-0.49,-0.2
M0 Persistence,838,843,6,-0.11,-0.12
M0 Persistence,839,844,6,0.18,-0.44
M0 Persistence,840,845,6,0.31,-0.65
M0 Persistence,841,846,6,0.39,-0.64
M0 Persistence,842,847,6,0.35,-0.48
M0 Persistence,843,848,6,0.5,-0.49
M0 Persistence,844,849,6,1.01,-0.11
M0 Persistence,845,850,6,1.15,0.18
M0 Persistence,846,851,6,1.1,0.31
M0 Persistence,847,852,6,0.88,0.39
M0 Persistence,848,853,6,0.87,0.35
M0 Persistence,849,854,6,0.92,0.5
M0 Persistence,850,855,6,0.82,1.01
M0 Persistence,851,856,6,0.83,1.15
M0 Persistence,852,857,6,0.8,1.1
M0 Persistence,853,858,6,0.65,0.88
M0 Persistence,854,859,6,0.35,0.87
M0 Persistence,855,860,6,0.18,0.92
M0 Persistence,856,861,6,0.78,0.82
M0 Persistence,857,862,6,0.82,0.83
M0 Persistence,858,863,6,0.73,0.8
M0 Persistence,859,864,6,0.84,0.65
M0 Persistence,860,865,6,0.67,0.35
M0 Persistence,861,866,6,0.65,0.18
M0 Persistence,862,867,6,0.66,0.78
M0 Persistence,863,868,6,0.05,0.82
M0 Persistence,864,869,6,-0.05,0.73
M0 Persistence,865,870,6,0.08,0.84
M0 Persistence,866,871,6,-0.29,0.67
M0 Persistence,867,872,6,-0.66,0.65
M0 Persistence,868,873,6,-0.9,0.66
M0 Persistence,869,874,6,-0.89,0.05
M0 Persistence,870,875,6,-1.02,-0.05
M0 Persistence,871,876,6,-1.12,0.08
M0 Persistence,872,877,6,-1.0,-0.29
M0 Persistence,873,878,6,-0.64,-0.66
M0 Persistence,874,879,6,-0.47,-0.9
M0 Persistence,875,880,6,-0.25,-0.89
M0 Persistence,876,881,6,-0.03,-1.02
M0 Persistence,877,882,6,-0.18,-1.12
M0 Persistence,878,883,6,-0.36,-1.0
M0 Persistence,879,884,6,-0.49,-0.64
M0 Persistence,880,885,6,-0.74,-0.47
M0 Persistence,881,886,6,-0.69,-0.25
M0 Persistence,882,887,6,-0.89,-0.03
M0 Persistence,883,888,6,-0.56,-0.18
M0 Persistence,884,889,6,-0.55,-0.36
M0 Persistence,885,890,6,-0.67,-0.49
M0 Persistence,886,891,6,-0.74,-0.74
M0 Persistence,887,892,6,-0.78,-0.69
M0 Persistence,888,893,6,-0.52,-0.89
M0 Persistence,889,894,6,-0.5,-0.56
M0 Persistence,890,895,6,-0.8,-0.55
M0 Persistence,891,896,6,-0.93,-0.67
M0 Persistence,892,897,6,-0.83,-0.74
M0 Persistence,893,898,6,-0.74,-0.78
M0 Persistence,894,899,6,-0.63,-0.52
M0 Persistence,895,900,6,-0.57,-0.5
M0 Persistence,896,901,6,-0.47,-0.8
M0 Persistence,897,902,6,-0.08,-0.93
M0 Persistence,898,903,6,0.25,-0.83
M0 Persistence,899,904,6,0.49,-0.74
M0 Persistence,900,905,6,0.86,-0.63
M0 Persistence,901,906,6,0.97,-0.57
M0 Persistence,902,907,6,1.2,-0.47
M0 Persistence,903,908,6,1.41,-0.08
M0 Persistence,904,909,6,1.51,0.25
M0 Persistence,905,910,6,1.86,0.49
M0 Persistence,906,911,6,1.76,0.86
M0 Persistence,907,912,6,1.64,0.97
M0 Persistence,908,913,6,1.39,1.2
M0 Persistence,909,914,6,1.04,1.41
M0 Persistence,910,915,6,0.98,1.51
M0 Persistence,911,916,6,0.5,1.86
M0 Persistence,912,917,6,0.37,1.76
M0 Persistence,913,918,6,0.4,1.64
M0 Persistence,914,919,6,0.19,1.39
M0 Persistence,915,920,6,-0.1,1.04
M0 Persistence,916,921,6,-0.01,0.98
M0 Persistence,917,922,6,-0.03,0.5
M0 Persistence,918,923,6,-0.52,0.37
M0 Persistence,919,924,6,-0.64,0.4
M0 Persistence,920,925,6,-0.42,0.19
M0 Persistence,921,926,6,0.04,-0.1
M0 Persistence,922,927,6,-0.05,-0.01
M0 Persistence,923,928,6,0.07,-0.03
M0 Persistence,924,929,6,0.15,-0.52
M0 Persistence,925,930,6,0.14,-0.64
M0 Persistence,926,931,6,-0.15,-0.42
M0 Persistence,927,932,6,-0.32,0.04
M0 Persistence,928,933,6,-0.42,-0.05
M0 Persistence,929,934,6,-0.54,0.07
M0 Persistence,930,935,6,-0.39,0.15
M0 Persistence,801,809,9,1.23,0.31
M0 Persistence,802,810,9,1.35,0.45
M0 Persistence,803,811,9,1.49,0.84
M0 Persistence,804,812,9,1.67,0.78
M0 Persistence,805,813,9,1.91,0.63
M0 Persistence,806,814,9,2.21,0.67
M0 Persistence,807,815,9,2.13,0.74
M0 Persistence,808,816,9,2.13,1.07
M0 Persistence,809,817,9,1.87,1.1
M0 Persistence,810,818,9,1.5,1.23
M0 Persistence,811,819,9,1.08,1.35
M0 Persistence,812,820,9,0.63,1.49
M0 Persistence,813,821,9,0.37,1.67
M0 Persistence,814,822,9,0.01,1.91
M0 Persistence,815,823,9,-0.1,2.21
M0 Persistence,816,824,9,-0.21,2.13
M0 Persistence,817,825,9,-0.39,2.13
M0 Persistence,818,826,9,-0.37,1.87
M0 Persistence,819,827,9,-0.17,1.5
M0 Persistence,820,828,9,-0.23,1.08
M0 Persistence,821,829,9,0.22,0.63
M0 Persistence,822,830,9,0.18,0.37
M0 Persistence,823,831,9,0.35,0.01
M0 Persistence,824,832,9,0.4,-0.1
M0 Persistence,825,833,9,0.45,-0.21
M0 Persistence,826,834,9,0.38,-0.39
M0 Persistence,827,835,9,0.05,-0.37
M0 Persistence,828,836,9,-0.2,-0.17
M0 Persistence,829,837,9,-0.12,-0.23
M0 Persistence,830,838,9,-0.44,0.22
M0 Persistence,831,839,9,-0.65,0.18
M0 Persistence,832,840,9,-0.64,0.35
M0 Persistence,833,841,9,-0.48,0.4
M0 Persistence,834,842,9,-0.49,0.45
M0 Persistence,835,843,9,-0.11,0.38
M0 Persistence,836,844,9,0.18,0.05
M0 Persistence,837,845,9,0.31,-0.2
M0 Persistence,838,846,9,0.39,-0.12
M0 Persistence,839,847,9,0.35,-0.44
M0 Persistence,840,848,9,0.5,-0.65
M0 Persistence,841,849,9,1.01,-0.64
M0 Persistence,842,850,9,1.15,-0.48
M0 Persistence,843,851,9,1.1,-0.49
M0 Persistence,844,852,9,0.88,-0.11
M0 Persistence,845,853,9,0.87,0.18
M0 Persistence,846,854,9,0.92,0.31
M0 Persistence,847,855,9,0.82,0.39
M0 Persistence,848,856,9,0.83,0.35
M0 Persistence,849,857,9,0.8,0.5
M0 Persistence,850,858,9,0.65,1.01
M0 Persistence,851,859,9,0.35,1.15
M0 Persistence,852,860,9,0.18,1.1
M0 Persistence,853,861,9,0.78,0.88
M0 Persistence,854,862,9,0.82,0.87
M0 Persistence,855,863,9,0.73,0.92
M0 Persistence,856,864,9,0.84,0.82
M0 Persistence,857,865,9,0.67,0.83
M0 Persistence,858,866,9,0.65,0.8
M0 Persistence,859,867,9,0.66,0.65
M0 Persistence,860,868,9,0.05,0.35
M0 Persistence,861,869,9,-0.05,0.18
M0 Persistence,862,870,9,0.08,0.78
M0 Persistence,863,871,9,-0.29,0.82
M0 Persistence,864,872,9,-0.66,0.73
M0 Persistence,865,873,9,-0.9,0.84
M0 Persistence,866,874,9,-0.89,0.67
M0 Persistence,867,875,9,-1.02,0.65
M0 Persistence,868,876,9,-1.12,0.66
M0 Persistence,869,877,9,-1.0,0.05
M0 Persistence,870,878,9,-0.64,-0.05
M0 Persistence,871,879,9,-0.47,0.08
M0 Persistence,872,880,9,-0.25,-0.29
M0 Persistence,873,881,9,-0.03,-0.66
M0 Persistence,874,882,9,-0.18,-0.9
M0 Persistence,875,883,9,-0.36,-0.89
M0 Persistence,876,884,9,-0.49,-1.02
M0 Persistence,877,885,9,-0.74,-1.12
M0 Persistence,878,886,9,-0.69,-1.0
M0 Persistence,879,887,9,-0.89,-0.64
M0 Persistence,880,888,9,-0.56,-0.47
M0 Persistence,881,889,9,-0.55,-0.25
M0 Persistence,882,890,9,-0.67,-0.03
M0 Persistence,883,891,9,-0.74,-0.18
M0 Persistence,884,892,9,-0.78,-0.36
M0 Persistence,885,893,9,-0.52,-0.49
M0 Persistence,886,894,9,-0.5,-0.74
M0 Persistence,887,895,9,-0.8,-0.69
M0 Persistence,888,896,9,-0.93,-0.89
M0 Persistence,889,897,9,-0.83,-0.56
M0 Persistence,890,898,9,-0.74,-0.55
M0 Persistence,891,899,9,-0.63,-0.67
M0 Persistence,892,900,9,-0.57,-0.74
M0 Persistence,893,901,9,-0.47,-0.78
M0 Persistence,894,902,9,-0.08,-0.52
M0 Persistence,895,903,9,0.25,-0.5
M0 Persistence,896,904,9,0.49,-0.8
M0 Persistence,897,905,9,0.86,-0.93
M0 Persistence,898,906,9,0.97,-0.83
M0 Persistence,899,907,9,1.2,-0.74
M0 Persistence,900,908,9,1.41,-0.63
M0 Persistence,901,909,9,1.51,-0.57
M0 Persistence,902,910,9,1.86,-0.47
M0 Persistence,903,911,9,1.76,-0.08
M0 Persistence,904,912,9,1.64,0.25
M0 Persistence,905,913,9,1.39,0.49
M0 Persistence,906,914,9,1.04,0.86
M0 Persistence,907,915,9,0.98,0.97
M0 Persistence,908,916,9,0.5,1.2
M0 Persistence,909,917,9,0.37,1.41
M0 Persistence,910,918,9,0.4,1.51
M0 Persistence,911,919,9,0.19,1.86
M0 Persistence,912,920,9,-0.1,1.76
M0 Persistence,913,921,9,-0.01,1.64
M0 Persistence,914,922,9,-0.03,1.39
M0 Persistence,915,923,9,-0.52,1.04
M0 Persistence,916,924,9,-0.64,0.98
M0 Persistence,917,925,9,-0.42,0.5
M0 Persistence,918,926,9,0.04,0.37
M0 Persistence,919,927,9,-0.05,0.4
M0 Persistence,920,928,9,0.07,0.19
M0 Persistence,921,929,9,0.15,-0.1
M0 Persistence,922,930,9,0.14,-0.01
M0 Persistence,923,931,9,-0.15,-0.03
M0 Persistence,924,932,9,-0.32,-0.52
M0 Persistence,925,933,9,-0.42,-0.64
M0 Persistence,926,934,9,-0.54,-0.42
M0 Persistence,927,935,9,-0.39,0.04
M0 Persistence,928,936,9,-0.4,-0.05
M0 Persistence,929,937,9,-0.02,0.07
M0 Persistence,930,938,9,0.22,0.15
M0 Persistence,801,812,12,1.67,0.31
M0 Persistence,802,813,12,1.91,0.45
M0 Persistence,803,814,12,2.21,0.84
M0 Persistence,804,815,12,2.13,0.78
M0 Persistence,805,816,12,2.13,0.63
M0 Persistence,806,817,12,1.87,0.67
M0 Persistence,807,818,12,1.5,0.74
M0 Persistence,808,819,12,1.08,1.07
M0 Persistence,809,820,12,0.63,1.1
M0 Persistence,810,821,12,0.37,1.23
M0 Persistence,811,822,12,0.01,1.35
M0 Persistence,812,823,12,-0.1,1.49
M0 Persistence,813,824,12,-0.21,1.67
M0 Persistence,814,825,12,-0.39,1.91
M0 Persistence,815,826,12,-0.37,2.21
M0 Persistence,816,827,12,-0.17,2.13
M0 Persistence,817,828,12,-0.23,2.13
M0 Persistence,818,829,12,0.22,1.87
M0 Persistence,819,830,12,0.18,1.5
M0 Persistence,820,831,12,0.35,1.08
M0 Persistence,821,832,12,0.4,0.63
M0 Persistence,822,833,12,0.45,0.37
M0 Persistence,823,834,12,0.38,0.01
M0 Persistence,824,835,12,0.05,-0.1
M0 Persistence,825,836,12,-0.2,-0.21
M0 Persistence,826,837,12,-0.12,-0.39
M0 Persistence,827,838,12,-0.44,-0.37
M0 Persistence,828,839,12,-0.65,-0.17
M0 Persistence,829,840,12,-0.64,-0.23
M0 Persistence,830,841,12,-0.48,0.22
M0 Persistence,831,842,12,-0.49,0.18
M0 Persistence,832,843,12,-0.11,0.35
M0 Persistence,833,844,12,0.18,0.4
M0 Persistence,834,845,12,0.31,0.45
M0 Persistence,835,846,12,0.39,0.38
M0 Persistence,836,847,12,0.35,0.05
M0 Persistence,837,848,12,0.5,-0.2
M0 Persistence,838,849,12,1.01,-0.12
M0 Persistence,839,850,12,1.15,-0.44
M0 Persistence,840,851,12,1.1,-0.65
M0 Persistence,841,852,12,0.88,-0.64
M0 Persistence,842,853,12,0.87,-0.48
M0 Persistence,843,854,12,0.92,-0.49
M0 Persistence,844,855,12,0.82,-0.11
M0 Persistence,845,856,12,0.83,0.18
M0 Persistence,846,857,12,0.8,0.31
M0 Persistence,847,858,12,0.65,0.39
M0 Persistence,848,859,12,0.35,0.35
M0 Persistence,849,860,12,0.18,0.5
M0 Persistence,850,861,12,0.78,1.01
M0 Persistence,851,862,12,0.82,1.15
M0 Persistence,852,863,12,0.73,1.1
M0 Persistence,853,864,12,0.84,0.88
M0 Persistence,854,865,12,0.67,0.87
M0 Persistence,855,866,12,0.65,0.92
M0 Persistence,856,867,12,0.66,0.82
M0 Persistence,857,868,12,0.05,0.83
M0 Persistence,858,869,12,-0.05,0.8
M0 Persistence,859,870,12,0.08,0.65
M0 Persistence,860,871,12,-0.29,0.35
M0 Persistence,861,872,12,-0.66,0.18
M0 Persistence,862,873,12,-0.9,0.78
M0 Persistence,863,874,12,-0.89,0.82
M0 Persistence,864,875,12,-1.02,0.73
M0 Persistence,865,876,12,-1.12,0.84
M0 Persistence,866,877,12,-1.0,0.67
M0 Persistence,867,878,12,-0.64,0.65
M0 Persistence,868,879,12,-0.47,0.66
M0 Persistence,869,880,12,-0.25,0.05
M0 Persistence,870,881,12,-0.03,-0.05
M0 Persistence,871,882,12,-0.18,0.08
M0 Persistence,872,883,12,-0.36,-0.29
M0 Persistence,873,884,12,-0.49,-0.66
M0 Persistence,874,885,12,-0.74,-0.9
M0 Persistence,875,886,12,-0.69,-0.89
M0 Persistence,876,887,12,-0.89,-1.02
M0 Persistence,877,888,12,-0.56,-1.12
M0 Persistence,878,889,12,-0.55,-1.0
M0 Persistence,879,890,12,-0.67,-0.64
M0 Persistence,880,891,12,-0.74,-0.47
M0 Persistence,881,892,12,-0.78,-0.25
M0 Persistence,882,893,12,-0.52,-0.03
M0 Persistence,883,894,12,-0.5,-0.18
M0 Persistence,884,895,12,-0.8,-0.36
M0 Persistence,885,896,12,-0.93,-0.49
M0 Persistence,886,897,12,-0.83,-0.74
M0 Persistence,887,898,12,-0.74,-0.69
M0 Persistence,888,899,12,-0.63,-0.89
M0 Persistence,889,900,12,-0.57,-0.56
M0 Persistence,890,901,12,-0.47,-0.55
M0 Persistence,891,902,12,-0.08,-0.67
M0 Persistence,892,903,12,0.25,-0.74
M0 Persistence,893,904,12,0.49,-0.78
M0 Persistence,894,905,12,0.86,-0.52
M0 Persistence,895,906,12,0.97,-0.5
M0 Persistence,896,907,12,1.2,-0.8
M0 Persistence,897,908,12,1.41,-0.93
M0 Persistence,898,909,12,1.51,-0.83
M0 Persistence,899,910,12,1.86,-0.74
M0 Persistence,900,911,12,1.76,-0.63
M0 Persistence,901,912,12,1.64,-0.57
M0 Persistence,902,913,12,1.39,-0.47
M0 Persistence,903,914,12,1.04,-0.08
M0 Persistence,904,915,12,0.98,0.25
M0 Persistence,905,916,12,0.5,0.49
M0 Persistence,906,917,12,0.37,0.86
M0 Persistence,907,918,12,0.4,0.97
M0 Persistence,908,919,12,0.19,1.2
M0 Persistence,909,920,12,-0.1,1.41
M0 Persistence,910,921,12,-0.01,1.51
M0 Persistence,911,922,12,-0.03,1.86
M0 Persistence,912,923,12,-0.52,1.76
M0 Persistence,913,924,12,-0.64,1.64
M0 Persistence,914,925,12,-0.42,1.39
M0 Persistence,915,926,12,0.04,1.04
M0 Persistence,916,927,12,-0.05,0.98
M0 Persistence,917,928,12,0.07,0.5
M0 Persistence,918,929,12,0.15,0.37
M0 Persistence,919,930,12,0.14,0.4
M0 Persistence,920,931,12,-0.15,0.19
M0 Persistence,921,932,12,-0.32,-0.1
M0 Persistence,922,933,12,-0.42,-0.01
M0 Persistence,923,934,12,-0.54,-0.03
M0 Persistence,924,935,12,-0.39,-0.52
M0 Persistence,925,936,12,-0.4,-0.64
M0 Persistence,926,937,12,-0.02,-0.42
M0 Persistence,927,938,12,0.22,0.04
M0 Persistence,928,939,12,0.74,-0.05
M0 Persistence,929,940,12,1.09,0.07
M0 Persistence,930,941,12,1.58,0.15
M1 Direct NN,801,801,1,0.45,0.3683724010824444
M1 Direct NN,802,802,1,0.84,0.4096199916643609
M1 Direct NN,803,803,1,0.78,0.6170068111090479
M1 Direct NN,804,804,1,0.63,0.6878212609990209
M1 Direct NN,805,805,1,0.67,0.7242417064725286
M1 Direct NN,806,806,1,0.74,0.6390450744328782
M1 Direct NN,807,807,1,1.07,0.6047737910539135
M1 Direct NN,808,808,1,1.1,0.6206073634177671
M1 Direct NN,809,809,1,1.23,0.5148527519706777
M1 Direct NN,810,810,1,1.35,0.476527307214476
M1 Direct NN,811,811,1,1.49,0.5036956804510114
M1 Direct NN,812,812,1,1.67,0.5814280325641912
M1 Direct NN,813,813,1,1.91,0.6413850672996093
M1 Direct NN,814,814,1,2.21,0.7958052752190191
M1 Direct NN,815,815,1,2.13,0.9750025165320829
M1 Direct NN,816,816,1,2.13,1.0788404829905476
M1 Direct NN,817,817,1,1.87,1.152390703298816
M1 Direct NN,818,818,1,1.5,1.1076735745999042
M1 Direct NN,819,819,1,1.08,0.9630534046715397
M1 Direct NN,820,820,1,0.63,0.6588003382690035
M1 Direct NN,821,821,1,0.37,0.3092029513231342
M1 Direct NN,822,822,1,0.01,-0.041241605588563976
M1 Direct NN,823,823,1,-0.1,-0.4474627196503618
M1 Direct NN,824,824,1,-0.21,-0.6499726791738208
M1 Direct NN,825,825,1,-0.39,-0.6923298320333245
M1 Direct NN,826,826,1,-0.37,-0.7037862952429675
M1 Direct NN,827,827,1,-0.17,-0.716408872983999
M1 Direct NN,828,828,1,-0.23,-0.6030830528559814
M1 Direct NN,829,829,1,0.22,-0.5304082896685727
M1 Direct NN,830,830,1,0.18,-0.34201467920628037
M1 Direct NN,831,831,1,0.35,-0.20298532210415748
M1 Direct NN,832,832,1,0.4,-0.12503895257416864
M1 Direct NN,833,833,1,0.45,-0.043859672768790034
M1 Direct NN,834,834,1,0.38,-0.005039803832658812
M1 Direct NN,835,835,1,0.05,0.07816670278406898
M1 Direct NN,836,836,1,-0.2,0.03610686832598614
M1 Direct NN,837,837,1,-0.12,-0.06253377176366573
M1 Direct NN,838,838,1,-0.44,-0.08915742151652985
M1 Direct NN,839,839,1,-0.65,-0.22294436098078182
M1 Direct NN,840,840,1,-0.64,-0.3173356528094152
M1 Direct NN,841,841,1,-0.48,-0.3374572160039675
M1 Direct NN,842,842,1,-0.49,-0.2859842544893889
M1 Direct NN,843,843,1,-0.11,-0.163780312248441
M1 Direct NN,844,844,1,0.18,0.007475194494208776
M1 Direct NN,845,845,1,0.31,0.26121448207066683
M1 Direct NN,846,846,1,0.39,0.5542651292804416
M1 Direct NN,847,847,1,0.35,0.7431385406214658
M1 Direct NN,848,848,1,0.5,0.8048963367489906
M1 Direct NN,849,849,1,1.01,0.8539450504789282
M1 Direct NN,850,850,1,1.15,1.0124896027988184
M1 Direct NN,851,851,1,1.1,1.0366300042682433
M1 Direct NN,852,852,1,0.88,1.0836511300155536
M1 Direct NN,853,853,1,0.87,0.9376789112736063
M1 Direct NN,854,854,1,0.92,0.8154256429614434
M1 Direct NN,855,855,1,0.82,0.7137687760637874
M1 Direct NN,856,856,1,0.83,0.6100670290746979
M1 Direct NN,857,857,1,0.8,0.5552508677074666
M1 Direct NN,858,858,1,0.65,0.44443994659775765
M1 Direct NN,859,859,1,0.35,0.357480004697574
M1 Direct NN,860,860,1,0.18,0.26076700464277175
M1 Direct NN,861,861,1,0.78,0.08489403891022276
M1 Direct NN,862,862,1,0.82,0.2761493500143208
M1 Direct NN,863,863,1,0.73,0.44360502888504383
M1 Direct NN,864,864,1,0.84,0.5403353210486528
M1 Direct NN,865,865,1,0.67,0.520965203646178
M1 Direct NN,866,866,1,0.65,0.5250100572811748
M1 Direct NN,867,867,1,0.66,0.4467517074501105
M1 Direct NN,868,868,1,0.05,0.39096251206232435
M1 Direct NN,869,869,1,-0.05,0.1283106201655309
M1 Direct NN,870,870,1,0.08,-0.16905583357738996
M1 Direct NN,871,871,1,-0.29,-0.4342780822043298
M1 Direct NN,872,872,1,-0.66,-0.6251091852361336
M1 Direct NN,873,873,1,-0.9,-0.8033935178967636
M1 Direct NN,874,874,1,-0.89,-1.0045709263415699
M1 Direct NN,875,875,1,-1.02,-1.0767692742863462
M1 Direct NN,876,876,1,-1.12,-1.1029709657055617
M1 Direct NN,877,877,1,-1.0,-1.1264925567098336
M1 Direct NN,878,878,1,-0.64,-0.9826738230896308
M1 Direct NN,879,879,1,-0.47,-0.7823785327565769
M1 Direct NN,880,880,1,-0.25,-0.5550331789722414
M1 Direct NN,881,881,1,-0.03,-0.28159969031888155
M1 Direct NN,882,882,1,-0.18,-0.0993691285953581
M1 Direct NN,883,883,1,-0.36,-0.004722017220813807
M1 Direct NN,884,884,1,-0.49,0.04645553375894068
M1 Direct NN,885,885,1,-0.74,-0.11222832590689721
M1 Direct NN,886,886,1,-0.69,-0.2722324954264035
M1 Direct NN,887,887,1,-0.89,-0.3713985707992784
M1 Direct NN,888,888,1,-0.56,-0.608074252435441
M1 Direct NN,889,889,1,-0.55,-0.5649477771841305
M1 Direct NN,890,890,1,-0.67,-0.4476808119614336
M1 Direct NN,891,891,1,-0.74,-0.4207136800523881
M1 Direct NN,892,892,1,-0.78,-0.4332181244582557
M1 Direct NN,893,893,1,-0.52,-0.4825740157383851
M1 Direct NN,894,894,1,-0.5,-0.36603920810731755
M1 Direct NN,895,895,1,-0.8,-0.2880385746606302
M1 Direct NN,896,896,1,-0.93,-0.3512360380994858
M1 Direct NN,897,897,1,-0.83,-0.41740354253532364
M1 Direct NN,898,898,1,-0.74,-0.5595872675665855
M1 Direct NN,899,899,1,-0.63,-0.6938802989729592
M1 Direct NN,900,900,1,-0.57,-0.6333648879281666
M1 Direct NN,901,901,1,-0.47,-0.5313246390977586
M1 Direct NN,902,902,1,-0.08,-0.4208149182914475
M1 Direct NN,903,903,1,0.25,-0.19590359700064255
M1 Direct NN,904,904,1,0.49,0.06890845479395133
M1 Direct NN,905,905,1,0.86,0.3900129459037214
M1 Direct NN,906,906,1,0.97,0.6772533122168878
M1 Direct NN,907,907,1,1.2,0.855173496004561
M1 Direct NN,908,908,1,1.41,1.1511854609600003
M1 Direct NN,909,909,1,1.51,1.4545131348662448
M1 Direct NN,910,910,1,1.86,1.6124634915085183
M1 Direct NN,911,911,1,1.76,1.8034445991729675
M1 Direct NN,912,912,1,1.64,1.8077108094456986
M1 Direct NN,913,913,1,1.39,1.7126472648309448
M1 Direct NN,914,914,1,1.04,1.5295123633124765
M1 Direct NN,915,915,1,0.98,1.2057433876207155
M1 Direct NN,916,916,1,0.5,0.8374789045429122
M1 Direct NN,917,917,1,0.37,0.4492520934485279
M1 Direct NN,918,918,1,0.4,0.15178452553301697
M1 Direct NN,919,919,1,0.19,-0.1188787546071642
M1 Direct NN,920,920,1,-0.1,-0.3071513616632996
M1 Direct NN,921,921,1,-0.01,-0.4966499467008425
M1 Direct NN,922,922,1,-0.03,-0.5246787346880771
M1 Direct NN,923,923,1,-0.52,-0.4819637631025906
M1 Direct NN,924,924,1,-0.64,-0.49349546021929935
M1 Direct NN,925,925,1,-0.42,-0.592132339716411
M1 Direct NN,926,926,1,0.04,-0.617781036553993
M1 Direct NN,927,927,1,-0.05,-0.4558710075576047
M1 Direct NN,928,928,1,0.07,-0.4260110646502842
M1 Direct NN,929,929,1,0.15,-0.3383619858960063
M1 Direct NN,930,930,1,0.14,-0.2770455906964068
M1 Direct NN,801,803,3,0.78,0.2754489447114843
M1 Direct NN,802,804,3,0.63,0.3440904047701998
M1 Direct NN,803,805,3,0.67,0.5458205518125927
M1 Direct NN,804,806,3,0.74,0.5669333482814984
M1 Direct NN,805,807,3,1.07,0.5017473970147
M1 Direct NN,806,808,3,1.1,0.41871865971477296
M1 Direct NN,807,809,3,1.23,0.328513799892885
M1 Direct NN,808,810,3,1.35,0.2873213696259578
M1 Direct NN,809,811,3,1.49,0.14513396397638387
M1 Direct NN,810,812,3,1.67,0.07455062460334608
M1 Direct NN,811,813,3,1.91,0.07323289711677364
M1 Direct NN,812,814,3,2.21,0.09949273180283932
M1 Direct NN,813,815,3,2.13,0.1442437353210487
M1 Direct NN,814,816,3,2.13,0.20758331750119188
M1 Direct NN,815,817,3,1.87,0.25493439038090815
M1 Direct NN,816,818,3,1.5,0.32860445067326105
M1 Direct NN,817,819,3,1.08,0.3943160616065773
M1 Direct NN,818,820,3,0.63,0.4489113776239172
M1 Direct NN,819,821,3,0.37,0.3292196125235224
M1 Direct NN,820,822,3,0.01,0.16065316111047315
M1 Direct NN,821,823,3,-0.1,-0.12150670859128604
M1 Direct NN,822,824,3,-0.21,-0.38951223424005377
M1 Direct NN,823,825,3,-0.39,-0.6380597764076149
M1 Direct NN,824,826,3,-0.37,-0.7644635426368758
M1 Direct NN,825,827,3,-0.17,-0.7557587263507177
M1 Direct NN,826,828,3,-0.23,-0.7800934247272185
M1 Direct NN,827,829,3,0.22,-0.7934748405559633
M1 Direct NN,828,830,3,0.18,-0.6542094868277261
M1 Direct NN,829,831,3,0.35,-0.5139122736440146
M1 Direct NN,830,832,3,0.4,-0.2918554119972438
M1 Direct NN,831,833,3,0.45,-0.11841861819137076
M1 Direct NN,832,834,3,0.38,-0.02757366424135846
M1 Direct NN,833,835,3,0.05,-0.010302503828442222
M1 Direct NN,834,836,3,-0.2,-0.016010454793377288
M1 Direct NN,835,837,3,-0.12,0.035292475242249655
M1 Direct NN,836,838,3,-0.44,-0.018080932753739926
M1 Direct NN,837,839,3,-0.65,0.03903246049626777
M1 Direct NN,838,840,3,-0.64,0.07641020255127443
M1 Direct NN,839,841,3,-0.48,0.07265378353005361
M1 Direct NN,840,842,3,-0.49,0.013794700105903862
M1 Direct NN,841,843,3,-0.11,-0.03583909813881281
M1 Direct NN,842,844,3,0.18,0.04924178375215127
M1 Direct NN,843,845,3,0.31,0.19161861949249145
M1 Direct NN,844,846,3,0.39,0.41587407180093605
M1 Direct NN,845,847,3,0.35,0.6446691755919449
M1 Direct NN,846,848,3,0.5,0.8890977839703682
M1 Direct NN,847,849,3,1.01,0.9733877245495133
M1 Direct NN,848,850,3,1.15,0.9878237287940166
M1 Direct NN,849,851,3,1.1,0.9082109620557743
M1 Direct NN,850,852,3,0.88,1.0453296328547657
M1 Direct NN,851,853,3,0.87,0.9547463546192805
M1 Direct NN,852,854,3,0.92,0.7886630807719901
M1 Direct NN,853,855,3,0.82,0.50492189722281
M1 Direct NN,854,856,3,0.83,0.3447705065069878
M1 Direct NN,855,857,3,0.8,0.20768965104328016
M1 Direct NN,856,858,3,0.65,0.12970762646234843
M1 Direct NN,857,859,3,0.35,0.1670972299864247
M1 Direct NN,858,860,3,0.18,0.20180706921341993
M1 Direct NN,859,861,3,0.78,0.1624678775245458
M1 Direct NN,860,862,3,0.82,0.0701398810043769
M1 Direct NN,861,863,3,0.73,-0.06464945791241276
M1 Direct NN,862,864,3,0.84,0.2406949728677271
M1 Direct NN,863,865,3,0.67,0.40928929983750995
M1 Direct NN,864,866,3,0.65,0.36525033787782923
M1 Direct NN,865,867,3,0.66,0.3759353347583224
M1 Direct NN,866,868,3,0.05,0.3371580939718719
M1 Direct NN,867,869,3,-0.05,0.21099398684765
M1 Direct NN,868,870,3,0.08,0.10073862782309037
M1 Direct NN,869,871,3,-0.29,-0.2869952137006402
M1 Direct NN,870,872,3,-0.66,-0.5832363756051475
M1 Direct NN,871,873,3,-0.9,-0.7660655698783752
M1 Direct NN,872,874,3,-0.89,-0.8907387985736835
M1 Direct NN,873,875,3,-1.02,-1.11736340814372
M1 Direct NN,874,876,3,-1.12,-1.1329420009767448
M1 Direct NN,875,877,3,-1.0,-1.0442364131745459
M1 Direct NN,876,878,3,-0.64,-1.0744195005426949
M1 Direct NN,877,879,3,-0.47,-1.0466481126883318
M1 Direct NN,878,880,3,-0.25,-0.7858039821229734
M1 Direct NN,879,881,3,-0.03,-0.5020761399654471
M1 Direct NN,880,882,3,-0.18,-0.22891151583487868
M1 Direct NN,881,883,3,-0.36,-0.032607212275874126
M1 Direct NN,882,884,3,-0.49,0.07176426170341535
M1 Direct NN,883,885,3,-0.74,0.2173196177400791
M1 Direct NN,884,886,3,-0.69,0.23299928707675902
M1 Direct NN,885,887,3,-0.89,0.010012327218469175
M1 Direct NN,886,888,3,-0.56,-0.11723178102200428
M1 Direct NN,887,889,3,-0.55,-0.21811693841797095
M1 Direct NN,888,890,3,-0.67,-0.4445847038045875
M1 Direct NN,889,891,3,-0.74,-0.45874208501213587
M1 Direct NN,890,892,3,-0.78,-0.35285437512443196
M1 Direct NN,891,893,3,-0.52,-0.26519703636811653
M1 Direct NN,892,894,3,-0.5,-0.22396156133796857
M1 Direct NN,893,895,3,-0.8,-0.3221907325959854
M1 Direct NN,894,896,3,-0.93,-0.2940936071543402
M1 Direct NN,895,897,3,-0.83,-0.25147459225942037
M1 Direct NN,896,898,3,-0.74,-0.420963571085993
M1 Direct NN,897,899,3,-0.63,-0.4662696560152283
M1 Direct NN,898,900,3,-0.57,-0.5422448172185175
M1 Direct NN,899,901,3,-0.47,-0.598125942989086
M1 Direct NN,900,902,3,-0.08,-0.5802714501056652
M1 Direct NN,901,903,3,0.25,-0.4869672789782987
M1 Direct NN,902,904,3,0.49,-0.36249792618524923
M1 Direct NN,903,905,3,0.86,-0.14610290045304072
M1 Direct NN,904,906,3,0.97,0.18875424037514157
M1 Direct NN,905,907,3,1.2,0.5325664976796687
M1 Direct NN,906,908,3,1.41,0.8330915936972438
M1 Direct NN,907,909,3,1.51,1.0048907261555158
M1 Direct NN,908,910,3,1.86,1.0968374769473002
M1 Direct NN,909,911,3,1.76,1.2796840768771887
M1 Direct NN,910,912,3,1.64,1.4330331249213235
M1 Direct NN,911,913,3,1.39,1.5455351610473422
M1 Direct NN,912,914,3,1.04,1.4811757575879685
M1 Direct NN,913,915,3,0.98,1.3123625346061178
M1 Direct NN,914,916,3,0.5,1.0902057450523244
M1 Direct NN,915,917,3,0.37,0.7754581954102935
M1 Direct NN,916,918,3,0.4,0.339542845641589
M1 Direct NN,917,919,3,0.19,-0.022427244499308302
M1 Direct NN,918,920,3,-0.1,-0.2753356767543111
M1 Direct NN,919,921,3,-0.01,-0.4991066863446253
M1 Direct NN,920,922,3,-0.03,-0.6710946083301569
M1 Direct NN,921,923,3,-0.52,-0.784546092103272
M1 Direct NN,922,924,3,-0.64,-0.761781260262562
M1 Direct NN,923,925,3,-0.42,-0.6966251283314135
M1 Direct NN,924,926,3,0.04,-0.7568982667404838
M1 Direct NN,925,927,3,-0.05,-0.7655654443985325
M1 Direct NN,926,928,3,0.07,-0.7006510037049266
M1 Direct NN,927,929,3,0.15,-0.6056887449850389
M1 Direct NN,928,930,3,0.14,-0.5717584052803317
M1 Direct NN,929,931,3,-0.15,-0.47827151893481956
M1 Direct NN,930,932,3,-0.32,-0.42342903375753616
M1 Direct NN,801,806,6,0.74,0.2361054255739244
M1 Direct NN,802,807,6,1.07,0.21070417985556228
M1 Direct NN,803,808,6,1.1,0.27798343442228063
M1 Direct NN,804,809,6,1.23,0.2009638339471116
M1 Direct NN,805,810,6,1.35,0.01985998220217433
M1 Direct NN,806,811,6,1.49,-0.19337975968316035
M1 Direct NN,807,812,6,1.67,-0.3334454180227745
M1 Direct NN,808,813,6,1.91,-0.40802692765032467
M1 Direct NN,809,814,6,2.21,-0.5039785688696783
M1 Direct NN,810,815,6,2.13,-0.4633686694664112
M1 Direct NN,811,816,6,2.13,-0.3732524435902057
M1 Direct NN,812,817,6,1.87,-0.2962242276407913
M1 Direct NN,813,818,6,1.5,-0.27135493222968565
M1 Direct NN,814,819,6,1.08,-0.2604949060337229
M1 Direct NN,815,820,6,0.63,-0.25386037784061144
M1 Direct NN,816,821,6,0.37,-0.2631927865662808
M1 Direct NN,817,822,6,0.01,-0.34637141285183215
M1 Direct NN,818,823,6,-0.1,-0.39331958411170576
M1 Direct NN,819,824,6,-0.21,-0.507685785346528
M1 Direct NN,820,825,6,-0.39,-0.6675853644243663
M1 Direct NN,821,826,6,-0.37,-0.8225593222393739
M1 Direct NN,822,827,6,-0.17,-0.8534994342591646
M1 Direct NN,823,828,6,-0.23,-0.9640578830599806
M1 Direct NN,824,829,6,0.22,-0.9278416987942071
M1 Direct NN,825,830,6,0.18,-0.8580689934351031
M1 Direct NN,826,831,6,0.35,-0.8186668509752879
M1 Direct NN,827,832,6,0.4,-0.7656960876715442
M1 Direct NN,828,833,6,0.45,-0.6228969878771502
M1 Direct NN,829,834,6,0.38,-0.4381221488291132
M1 Direct NN,830,835,6,0.05,-0.2032132852592193
M1 Direct NN,831,836,6,-0.2,-0.01596589898932177
M1 Direct NN,832,837,6,-0.12,0.06183675973091857
M1 Direct NN,833,838,6,-0.44,0.14377124526255075
M1 Direct NN,834,839,6,-0.65,0.1510184496520503
M1 Direct NN,835,840,6,-0.64,0.23505491208093138
M1 Direct NN,836,841,6,-0.48,0.21152830519453686
M1 Direct NN,837,842,6,-0.49,0.2136901265013521
M1 Direct NN,838,843,6,-0.11,0.20123153219558892
M1 Direct NN,839,844,6,0.18,0.1823980834041155
M1 Direct NN,840,845,6,0.31,0.15806539949274262
M1 Direct NN,841,846,6,0.39,0.15686574993146524
M1 Direct NN,842,847,6,0.35,0.2600893595060341
M1 Direct NN,843,848,6,0.5,0.4114650976388767
M1 Direct NN,844,849,6,1.01,0.5532327263474561
M1 Direct NN,845,850,6,1.15,0.6962401438909129
M1 Direct NN,846,851,6,1.1,0.8872545744790068
M1 Direct NN,847,852,6,0.88,0.9363833664523185
M1 Direct NN,848,853,6,0.87,0.8862648994887623
M1 Direct NN,849,854,6,0.92,0.7193786567989902
M1 Direct NN,850,855,6,0.82,0.7032831836317552
M1 Direct NN,851,856,6,0.83,0.5694499207021071
M1 Direct NN,852,857,6,0.8,0.4232079006715617
M1 Direct NN,853,858,6,0.65,0.253201309937771
M1 Direct NN,854,859,6,0.35,0.12136670448730547
M1 Direct NN,855,860,6,0.18,-0.04290074330528988
M1 Direct NN,856,861,6,0.78,-0.09603587991670458
M1 Direct NN,857,862,6,0.82,-0.07614999571875267
M1 Direct NN,858,863,6,0.73,-0.0417436409322092
M1 Direct NN,859,864,6,0.84,-0.007679513769105889
M1 Direct NN,860,865,6,0.67,-0.0512217892411239
M1 Direct NN,861,866,6,0.65,-0.24776078775704277
M1 Direct NN,862,867,6,0.66,-0.16850268825427417
M1 Direct NN,863,868,6,0.05,0.016591823547447593
M1 Direct NN,864,869,6,-0.05,-0.017998775364930386
M1 Direct NN,865,870,6,0.08,-0.0011432185506120573
M1 Direct NN,866,871,6,-0.29,-0.08002846131445
M1 Direct NN,867,872,6,-0.66,-0.18878344835514171
M1 Direct NN,868,873,6,-0.9,-0.29573882298541987
M1 Direct NN,869,874,6,-0.89,-0.5105553568171256
M1 Direct NN,870,875,6,-1.02,-0.6376806556811998
M1 Direct NN,871,876,6,-1.12,-0.6699787873516665
M1 Direct NN,872,877,6,-1.0,-0.6686777181948487
M1 Direct NN,873,878,6,-0.64,-0.7630373965013233
M1 Direct NN,874,879,6,-0.47,-0.8146813767712704
M1 Direct NN,875,880,6,-0.25,-0.7584624913131606
M1 Direct NN,876,881,6,-0.03,-0.7622950077128823
M1 Direct NN,877,882,6,-0.18,-0.7559983331332094
M1 Direct NN,878,883,6,-0.36,-0.6294375908327667
M1 Direct NN,879,884,6,-0.49,-0.4563970497979674
M1 Direct NN,880,885,6,-0.74,-0.2057056315036247
M1 Direct NN,881,886,6,-0.69,-0.06357834540447777
M1 Direct NN,882,887,6,-0.89,0.054617102768044795
M1 Direct NN,883,888,6,-0.56,0.21810367932056957
M1 Direct NN,884,889,6,-0.55,0.26379953617147067
M1 Direct NN,885,890,6,-0.67,0.12437617800507322
M1 Direct NN,886,891,6,-0.74,0.02987072145617395
M1 Direct NN,887,892,6,-0.78,0.05555599064216041
M1 Direct NN,888,893,6,-0.52,-0.12155270553571305
M1 Direct NN,889,894,6,-0.5,-0.07435604411673755
M1 Direct NN,890,895,6,-0.8,0.12685613122114092
M1 Direct NN,891,896,6,-0.93,0.15174051475765593
M1 Direct NN,892,897,6,-0.83,0.11376977811632016
M1 Direct NN,893,898,6,-0.74,0.0005840735807989827
M1 Direct NN,894,899,6,-0.63,-0.039460374574972756
M1 Direct NN,895,900,6,-0.57,-0.020086061774042874
M1 Direct NN,896,901,6,-0.47,-0.12009331599415562
M1 Direct NN,897,902,6,-0.08,-0.11056672221083007
M1 Direct NN,898,903,6,0.25,-0.1886515874172674
M1 Direct NN,899,904,6,0.49,-0.2077431027988309
M1 Direct NN,900,905,6,0.86,-0.08466055999702658
M1 Direct NN,901,906,6,0.97,0.02101023637777788
M1 Direct NN,902,907,6,1.2,0.13584927251195705
M1 Direct NN,903,908,6,1.41,0.3002921667057248
M1 Direct NN,904,909,6,1.51,0.4915015279213614
M1 Direct NN,905,910,6,1.86,0.7109524578954425
M1 Direct NN,906,911,6,1.76,0.9282334812714936
M1 Direct NN,907,912,6,1.64,1.0800990201606688
M1 Direct NN,908,913,6,1.39,1.0026289408372617
M1 Direct NN,909,914,6,1.04,0.8230676124376104
M1 Direct NN,910,915,6,0.98,0.7975657203072939
M1 Direct NN,911,916,6,0.5,0.6987707074954326
M1 Direct NN,912,917,6,0.37,0.48819318581111565
M1 Direct NN,913,918,6,0.4,0.25060535709282444
M1 Direct NN,914,919,6,0.19,-0.033332773154626655
M1 Direct NN,915,920,6,-0.1,-0.20441085827029393
M1 Direct NN,916,921,6,-0.01,-0.41104685019198495
M1 Direct NN,917,922,6,-0.03,-0.5939022057600589
M1 Direct NN,918,923,6,-0.52,-0.7096444307776342
M1 Direct NN,919,924,6,-0.64,-0.769840572602789
M1 Direct NN,920,925,6,-0.42,-0.8483972178652621
M1 Direct NN,921,926,6,0.04,-0.8830953113870716
M1 Direct NN,922,927,6,-0.05,-0.8224681307581301
M1 Direct NN,923,928,6,0.07,-0.7668513123130587
M1 Direct NN,924,929,6,0.15,-0.7080297583582826
M1 Direct NN,925,930,6,0.14,-0.6837508217516255
M1 Direct NN,926,931,6,-0.15,-0.6230156163302218
M1 Direct NN,927,932,6,-0.32,-0.5225361236666615
M1 Direct NN,928,933,6,-0.42,-0.44581258623210085
M1 Direct NN,929,934,6,-0.54,-0.3844807481737213
M1 Direct NN,930,935,6,-0.39,-0.32051876046492866
M1 Direct NN,801,809,9,1.23,-0.2115425621096026
M1 Direct NN,802,810,9,1.35,-0.20723822940302153
M1 Direct NN,803,811,9,1.49,-0.2910681408955213
M1 Direct NN,804,812,9,1.67,-0.30766586754555325
M1 Direct NN,805,813,9,1.91,-0.36344697186336417
M1 Direct NN,806,814,9,2.21,-0.4857788802770595
M1 Direct NN,807,815,9,2.13,-0.45644947701492844
M1 Direct NN,808,816,9,2.13,-0.4203750737757278
M1 Direct NN,809,817,9,1.87,-0.3332498864581452
M1 Direct NN,810,818,9,1.5,-0.32756794368734415
M1 Direct NN,811,819,9,1.08,-0.28147119942311166
M1 Direct NN,812,820,9,0.63,-0.28483470027767493
M1 Direct NN,813,821,9,0.37,-0.3628124169786086
M1 Direct NN,814,822,9,0.01,-0.4972254253486136
M1 Direct NN,815,823,9,-0.1,-0.6853495053434524
M1 Direct NN,816,824,9,-0.21,-0.7858534235685103
M1 Direct NN,817,825,9,-0.39,-0.9011186598936531
M1 Direct NN,818,826,9,-0.37,-0.9416622428588759
M1 Direct NN,819,827,9,-0.17,-0.9270593095166898
M1 Direct NN,820,828,9,-0.23,-0.9942954501134463
M1 Direct NN,821,829,9,0.22,-0.9346210554343802
M1 Direct NN,822,830,9,0.18,-0.9258473525293095
M1 Direct NN,823,831,9,0.35,-0.9991603267290435
M1 Direct NN,824,832,9,0.4,-0.9520973515233232
M1 Direct NN,825,833,9,0.45,-0.9374824046133322
M1 Direct NN,826,834,9,0.38,-0.8873264657081854
M1 Direct NN,827,835,9,0.05,-0.8800293716224331
M1 Direct NN,828,836,9,-0.2,-0.7727748883116902
M1 Direct NN,829,837,9,-0.12,-0.6713506954587513
M1 Direct NN,830,838,9,-0.44,-0.4860936180865373
M1 Direct NN,831,839,9,-0.65,-0.3260200595185948
M1 Direct NN,832,840,9,-0.64,-0.18345758448938343
M1 Direct NN,833,841,9,-0.48,0.006771481276453162
M1 Direct NN,834,842,9,-0.49,0.07365176409451721
M1 Direct NN,835,843,9,-0.11,0.14347709355840957
M1 Direct NN,836,844,9,0.18,0.21398379548747373
M1 Direct NN,837,845,9,0.31,0.2974091903870122
M1 Direct NN,838,846,9,0.39,0.45475821973801644
M1 Direct NN,839,847,9,0.35,0.45050965681782396
M1 Direct NN,840,848,9,0.5,0.4439459203785171
M1 Direct NN,841,849,9,1.01,0.4464366156566638
M1 Direct NN,842,850,9,1.15,0.4417290637782769
M1 Direct NN,843,851,9,1.1,0.48740517858298626
M1 Direct NN,844,852,9,0.88,0.535972941491332
M1 Direct NN,845,853,9,0.87,0.6420610487043076
M1 Direct NN,846,854,9,0.92,0.6915057137273564
M1 Direct NN,847,855,9,0.82,0.6185844171720861
M1 Direct NN,848,856,9,0.83,0.5947378384195187
M1 Direct NN,849,857,9,0.8,0.4183628069002634
M1 Direct NN,850,858,9,0.65,0.3439326150621991
M1 Direct NN,851,859,9,0.35,0.14389924679767271
M1 Direct NN,852,860,9,0.18,0.05420855545021683
M1 Direct NN,853,861,9,0.78,-0.004244198510802766
M1 Direct NN,854,862,9,0.82,-0.044179682940958045
M1 Direct NN,855,863,9,0.73,-0.10710873864200174
M1 Direct NN,856,864,9,0.84,-0.15287396143585244
M1 Direct NN,857,865,9,0.67,-0.12032925041981071
M1 Direct NN,858,866,9,0.65,-0.1143915114065748
M1 Direct NN,859,867,9,0.66,-0.1091483951171191
M1 Direct NN,860,868,9,0.05,-0.08645790142813316
M1 Direct NN,861,869,9,-0.05,-0.20622969425045595
M1 Direct NN,862,870,9,0.08,-0.14429783092851495
M1 Direct NN,863,871,9,-0.29,-0.08324458673395485
M1 Direct NN,864,872,9,-0.66,-0.2337087320235726
M1 Direct NN,865,873,9,-0.9,-0.2672305281512788
M1 Direct NN,866,874,9,-0.89,-0.39556467121198635
M1 Direct NN,867,875,9,-1.02,-0.49920280560827157
M1 Direct NN,868,876,9,-1.12,-0.5593481144782797
M1 Direct NN,869,877,9,-1.0,-0.6810437013060717
M1 Direct NN,870,878,9,-0.64,-0.7554010608893186
M1 Direct NN,871,879,9,-0.47,-0.698616856785442
M1 Direct NN,872,880,9,-0.25,-0.5986310678395007
M1 Direct NN,873,881,9,-0.03,-0.5441779375650686
M1 Direct NN,874,882,9,-0.18,-0.47534173990629214
M1 Direct NN,875,883,9,-0.36,-0.4214599607830536
M1 Direct NN,876,884,9,-0.49,-0.45149873872354895
M1 Direct NN,877,885,9,-0.74,-0.3937874581923724
M1 Direct NN,878,886,9,-0.69,-0.3705426178507403
M1 Direct NN,879,887,9,-0.89,-0.26014571425031496
M1 Direct NN,880,888,9,-0.56,-0.08137517951913197
M1 Direct NN,881,889,9,-0.55,0.04944835587762589
M1 Direct NN,882,890,9,-0.67,0.18027381256188194
M1 Direct NN,883,891,9,-0.74,0.31446395158209384
M1 Direct NN,884,892,9,-0.78,0.37752467068617623
M1 Direct NN,885,893,9,-0.52,0.3678441642494763
M1 Direct NN,886,894,9,-0.5,0.3747298378054382
M1 Direct NN,887,895,9,-0.8,0.3877014434752888
M1 Direct NN,888,896,9,-0.93,0.31337522199977164
M1 Direct NN,889,897,9,-0.83,0.3465061244566482
M1 Direct NN,890,898,9,-0.74,0.3054610192030981
M1 Direct NN,891,899,9,-0.63,0.2835958399552998
M1 Direct NN,892,900,9,-0.57,0.3308951997745936
M1 Direct NN,893,901,9,-0.47,0.3392654323050389
M1 Direct NN,894,902,9,-0.08,0.22485801772220296
M1 Direct NN,895,903,9,0.25,0.25790155680732174
M1 Direct NN,896,904,9,0.49,0.30390071291690346
M1 Direct NN,897,905,9,0.86,0.289612384881609
M1 Direct NN,898,906,9,0.97,0.180617877610413
M1 Direct NN,899,907,9,1.2,0.17526653983377335
M1 Direct NN,900,908,9,1.41,0.3676399777643211
M1 Direct NN,901,909,9,1.51,0.4763353825311972
M1 Direct NN,902,910,9,1.86,0.4632619707077057
M1 Direct NN,903,911,9,1.76,0.510554307889937
M1 Direct NN,904,912,9,1.64,0.6145036908609333
M1 Direct NN,905,913,9,1.39,0.7164131965191686
M1 Direct NN,906,914,9,1.04,0.7408719372194434
M1 Direct NN,907,915,9,0.98,0.7288548360122122
M1 Direct NN,908,916,9,0.5,0.684535194348772
M1 Direct NN,909,917,9,0.37,0.5284385794414322
M1 Direct NN,910,918,9,0.4,0.3362114243659211
M1 Direct NN,911,919,9,0.19,0.07169315503455445
M1 Direct NN,912,920,9,-0.1,-0.09334130035636733
M1 Direct NN,913,921,9,-0.01,-0.31275388955799777
M1 Direct NN,914,922,9,-0.03,-0.4722516470962308
M1 Direct NN,915,923,9,-0.52,-0.6639581995110186
M1 Direct NN,916,924,9,-0.64,-0.8010262947009716
M1 Direct NN,917,925,9,-0.42,-0.7902829850212932
M1 Direct NN,918,926,9,0.04,-0.9499130905592597
M1 Direct NN,919,927,9,-0.05,-0.9736353818860806
M1 Direct NN,920,928,9,0.07,-1.0069458253471009
M1 Direct NN,921,929,9,0.15,-1.0368149116423513
M1 Direct NN,922,930,9,0.14,-0.9392026415209301
M1 Direct NN,923,931,9,-0.15,-0.977097321120222
M1 Direct NN,924,932,9,-0.32,-0.9515173435365055
M1 Direct NN,925,933,9,-0.42,-0.8536080467846129
M1 Direct NN,926,934,9,-0.54,-0.7842135715631365
M1 Direct NN,927,935,9,-0.39,-0.7100392863863288
M1 Direct NN,928,936,9,-0.4,-0.6673851138949052
M1 Direct NN,929,937,9,-0.02,-0.5814619569126287
M1 Direct NN,930,938,9,0.22,-0.46098835310123065
M1 Direct NN,801,812,12,1.67,-0.26303638353522946
M1 Direct NN,802,813,12,1.91,-0.23288530520794246
M1 Direct NN,803,814,12,2.21,-0.317366540048604
M1 Direct NN,804,815,12,2.13,-0.38244490089811456
M1 Direct NN,805,816,12,2.13,-0.4281757716875273
M1 Direct NN,806,817,12,1.87,-0.4614745568073375
M1 Direct NN,807,818,12,1.5,-0.44065150188265767
M1 Direct NN,808,819,12,1.08,-0.43856120299252344
M1 Direct NN,809,820,12,0.63,-0.43026392810854397
M1 Direct NN,810,821,12,0.37,-0.4869335615053435
M1 Direct NN,811,822,12,0.01,-0.47091648447014056
M1 Direct NN,812,823,12,-0.1,-0.44051420716065304
M1 Direct NN,813,824,12,-0.21,-0.5098354740933239
M1 Direct NN,814,825,12,-0.39,-0.6614825083669217
M1 Direct NN,815,826,12,-0.37,-0.8258393099776
M1 Direct NN,816,827,12,-0.17,-0.8819015865105508
M1 Direct NN,817,828,12,-0.23,-0.9354436125673729
M1 Direct NN,818,829,12,0.22,-0.9384912196687563
M1 Direct NN,819,830,12,0.18,-0.9264401180177924
M1 Direct NN,820,831,12,0.35,-0.9294667863488315
M1 Direct NN,821,832,12,0.4,-0.8911911559055953
M1 Direct NN,822,833,12,0.45,-0.892519884330041
M1 Direct NN,823,834,12,0.38,-0.9804675348099384
M1 Direct NN,824,835,12,0.05,-0.9682328434341833
M1 Direct NN,825,836,12,-0.2,-0.9678587727437279
M1 Direct NN,826,837,12,-0.12,-0.9094345675762392
M1 Direct NN,827,838,12,-0.44,-0.9125558579454166
M1 Direct NN,828,839,12,-0.65,-0.8142444438121135
M1 Direct NN,829,840,12,-0.64,-0.6740627778026004
M1 Direct NN,830,841,12,-0.48,-0.5014297063402184
M1 Direct NN,831,842,12,-0.49,-0.36614026916764486
M1 Direct NN,832,843,12,-0.11,-0.22448551207232456
M1 Direct NN,833,844,12,0.18,-0.04233262204669719
M1 Direct NN,834,845,12,0.31,0.06889539604276806
M1 Direct NN,835,846,12,0.39,0.15967569991836209
M1 Direct NN,836,847,12,0.35,0.27985291090456865
M1 Direct NN,837,848,12,0.5,0.3774066861134504
M1 Direct NN,838,849,12,1.01,0.4391212820992265
M1 Direct NN,839,850,12,1.15,0.3969278928705505
M1 Direct NN,840,851,12,1.1,0.3995619813449438
M1 Direct NN,841,852,12,0.88,0.43087056726575956
M1 Direct NN,842,853,12,0.87,0.4456817875847715
M1 Direct NN,843,854,12,0.92,0.4733961054695812
M1 Direct NN,844,855,12,0.82,0.41574760664649446
M1 Direct NN,845,856,12,0.83,0.3831677634831274
M1 Direct NN,846,857,12,0.8,0.3288952658937865
M1 Direct NN,847,858,12,0.65,0.2503538058083197
M1 Direct NN,848,859,12,0.35,0.18958282390128914
M1 Direct NN,849,860,12,0.18,0.04325138803209938
M1 Direct NN,850,861,12,0.78,0.04998225294345229
M1 Direct NN,851,862,12,0.82,-0.06944024568697285
M1 Direct NN,852,863,12,0.73,-0.11962950636068437
M1 Direct NN,853,864,12,0.84,-0.017177096994821034
M1 Direct NN,854,865,12,0.67,-0.002966033076438057
M1 Direct NN,855,866,12,0.65,-0.025469755630908114
M1 Direct NN,856,867,12,0.66,-0.08350413081190702
M1 Direct NN,857,868,12,0.05,-0.11313662117620385
M1 Direct NN,858,869,12,-0.05,-0.14722504007013676
M1 Direct NN,859,870,12,0.08,-0.1436185577514298
M1 Direct NN,860,871,12,-0.29,-0.1522476061262766
M1 Direct NN,861,872,12,-0.66,-0.27237633408550116
M1 Direct NN,862,873,12,-0.9,-0.3106448413711044
M1 Direct NN,863,874,12,-0.89,-0.2627968024783465
M1 Direct NN,864,875,12,-1.02,-0.40096731947486564
M1 Direct NN,865,876,12,-1.12,-0.4524245684691759
M1 Direct NN,866,877,12,-1.0,-0.5785993456584738
M1 Direct NN,867,878,12,-0.64,-0.621318677924533
M1 Direct NN,868,879,12,-0.47,-0.6217068844937019
M1 Direct NN,869,880,12,-0.25,-0.6131128003313604
M1 Direct NN,870,881,12,-0.03,-0.5651591730508061
M1 Direct NN,871,882,12,-0.18,-0.37158412858406725
M1 Direct NN,872,883,12,-0.36,-0.2530979993945469
M1 Direct NN,873,884,12,-0.49,-0.14775577605389628
M1 Direct NN,874,885,12,-0.74,-0.0713593900081216
M1 Direct NN,875,886,12,-0.69,-0.03333182214899644
M1 Direct NN,876,887,12,-0.89,-0.06579481239621712
M1 Direct NN,877,888,12,-0.56,-0.05761773665592321
M1 Direct NN,878,889,12,-0.55,-0.13373904043457333
M1 Direct NN,879,890,12,-0.67,-0.12327189712442012
M1 Direct NN,880,891,12,-0.74,0.004127361905639282
M1 Direct NN,881,892,12,-0.78,0.11433716602517977
M1 Direct NN,882,893,12,-0.52,0.15551124796206164
M1 Direct NN,883,894,12,-0.5,0.2112154008427308
M1 Direct NN,884,895,12,-0.8,0.28040080872857875
M1 Direct NN,885,896,12,-0.93,0.32914666366178147
M1 Direct NN,886,897,12,-0.83,0.367126986763769
M1 Direct NN,887,898,12,-0.74,0.43594835159812395
M1 Direct NN,888,899,12,-0.63,0.47514427192022834
M1 Direct NN,889,900,12,-0.57,0.5769240122451246
M1 Direct NN,890,901,12,-0.47,0.6081238402490885
M1 Direct NN,891,902,12,-0.08,0.617266131457787
M1 Direct NN,892,903,12,0.25,0.6141775303081345
M1 Direct NN,893,904,12,0.49,0.5770052935477271
M1 Direct NN,894,905,12,0.86,0.4200150517316088
M1 Direct NN,895,906,12,0.97,0.3659561384347043
M1 Direct NN,896,907,12,1.2,0.3861681037400626
M1 Direct NN,897,908,12,1.41,0.36857034832965674
M1 Direct NN,898,909,12,1.51,0.25141368748948356
M1 Direct NN,899,910,12,1.86,0.2043232764774918
M1 Direct NN,900,911,12,1.76,0.37018802294993014
M1 Direct NN,901,912,12,1.64,0.4888672062767866
M1 Direct NN,902,913,12,1.39,0.5090237324328155
M1 Direct NN,903,914,12,1.04,0.5816554675490089
M1 Direct NN,904,915,12,0.98,0.7155384068769021
M1 Direct NN,905,916,12,0.5,0.7313194368249005
M1 Direct NN,906,917,12,0.37,0.694366129486068
M1 Direct NN,907,918,12,0.4,0.6265600299656875
M1 Direct NN,908,919,12,0.19,0.5195863260552505
M1 Direct NN,909,920,12,-0.1,0.3767669492524237
M1 Direct NN,910,921,12,-0.01,0.11566282431346739
M1 Direct NN,911,922,12,-0.03,-0.21578036186918512
M1 Direct NN,912,923,12,-0.52,-0.31245356018345927
M1 Direct NN,913,924,12,-0.64,-0.5137658889076743
M1 Direct NN,914,925,12,-0.42,-0.6893130055049077
M1 Direct NN,915,926,12,0.04,-0.8417067454842345
M1 Direct NN,916,927,12,-0.05,-0.9355160589457795
M1 Direct NN,917,928,12,0.07,-0.8910255010769218
M1 Direct NN,918,929,12,0.15,-0.9541324811159752
M1 Direct NN,919,930,12,0.14,-1.0032300102067966
M1 Direct NN,920,931,12,-0.15,-1.0083775020910668
M1 Direct NN,921,932,12,-0.32,-0.9749328965474029
M1 Direct NN,922,933,12,-0.42,-0.8456886458193367
M1 Direct NN,923,934,12,-0.54,-0.8252185682035945
M1 Direct NN,924,935,12,-0.39,-0.749928536920711
M1 Direct NN,925,936,12,-0.4,-0.6944523250842967
M1 Direct NN,926,937,12,-0.02,-0.6652229943983703
M1 Direct NN,927,938,12,0.22,-0.6451940887223515
M1 Direct NN,928,939,12,0.74,-0.6132110005137981
M1 Direct NN,929,940,12,1.09,-0.5365481103601103
M1 Direct NN,930,941,12,1.58,-0.4073551021923804
M2 HHSA single ResNet,801,801,1,0.45,0.33232347127314515
M2 HHSA single ResNet,802,802,1,0.84,0.5497981629179677
M2 HHSA single ResNet,803,803,1,0.78,0.6618930672190944
M2 HHSA single ResNet,804,804,1,0.63,0.5798566562889076
M2 HHSA single ResNet,805,805,1,0.67,0.733019216192812
M2 HHSA single ResNet,806,806,1,0.74,0.8159168800116247
M2 HHSA single ResNet,807,807,1,1.07,0.9484346029513545
M2 HHSA single ResNet,808,808,1,1.1,1.1704896301413883
M2 HHSA single ResNet,809,809,1,1.23,1.3018120801723798
M2 HHSA single ResNet,810,810,1,1.35,1.4689852183367083
M2 HHSA single ResNet,811,811,1,1.49,1.5373275142426417
M2 HHSA single ResNet,812,812,1,1.67,1.5573355428324973
M2 HHSA single ResNet,813,813,1,1.91,1.6963459232788618
M2 HHSA single ResNet,814,814,1,2.21,2.019533672374611
M2 HHSA single ResNet,815,815,1,2.13,2.0664808655342686
M2 HHSA single ResNet,816,816,1,2.13,2.057120011816895
M2 HHSA single ResNet,817,817,1,1.87,2.0011791575768707
M2 HHSA single ResNet,818,818,1,1.5,1.6505158356381329
M2 HHSA single ResNet,819,819,1,1.08,1.3155379562128084
M2 HHSA single ResNet,820,820,1,0.63,0.862695739785552
M2 HHSA single ResNet,821,821,1,0.37,0.6341595243447246
M2 HHSA single ResNet,822,822,1,0.01,0.21526537884432478
M2 HHSA single ResNet,823,823,1,-0.1,-0.06350805196298026
M2 HHSA single ResNet,824,824,1,-0.21,-0.10865798516200184
M2 HHSA single ResNet,825,825,1,-0.39,-0.6130299414343157
M2 HHSA single ResNet,826,826,1,-0.37,-0.6256784573385572
M2 HHSA single ResNet,827,827,1,-0.17,-0.5255072340287721
M2 HHSA single ResNet,828,828,1,-0.23,-0.7370767807974233
M2 HHSA single ResNet,829,829,1,0.22,-0.48107513839377436
M2 HHSA single ResNet,830,830,1,0.18,-0.27632344664737724
M2 HHSA single ResNet,831,831,1,0.35,-0.012436712909193293
M2 HHSA single ResNet,832,832,1,0.4,0.21484697156873483
M2 HHSA single ResNet,833,833,1,0.45,0.33372611714999634
M2 HHSA single ResNet,834,834,1,0.38,0.18281364879203738
M2 HHSA single ResNet,835,835,1,0.05,-0.19886302066487374
M2 HHSA single ResNet,836,836,1,-0.2,-0.3724825478138353
M2 HHSA single ResNet,837,837,1,-0.12,-0.5782965793825197
M2 HHSA single ResNet,838,838,1,-0.44,-1.1236205668221626
M2 HHSA single ResNet,839,839,1,-0.65,-1.2590012806949802
M2 HHSA single ResNet,840,840,1,-0.64,-1.2185507151689792
M2 HHSA single ResNet,841,841,1,-0.48,-1.3101516914452875
M2 HHSA single ResNet,842,842,1,-0.49,-1.4186833185191787
M2 HHSA single ResNet,843,843,1,-0.11,-0.8251669296357081
M2 HHSA single ResNet,844,844,1,0.18,-0.3001026547828504
M2 HHSA single ResNet,845,845,1,0.31,-0.22664453590742523
M2 HHSA single ResNet,846,846,1,0.39,-0.31061125016600544
M2 HHSA single ResNet,847,847,1,0.35,-0.4274211655434321
M2 HHSA single ResNet,848,848,1,0.5,-0.07802234560337813
M2 HHSA single ResNet,849,849,1,1.01,0.5329152418696931
M2 HHSA single ResNet,850,850,1,1.15,0.6873983983586618
M2 HHSA single ResNet,851,851,1,1.1,0.703728060150168
M2 HHSA single ResNet,852,852,1,0.88,0.5275269854755169
M2 HHSA single ResNet,853,853,1,0.87,0.4030605919112352
M2 HHSA single ResNet,854,854,1,0.92,0.2983444333555177
M2 HHSA single ResNet,855,855,1,0.82,0.12363727336669994
M2 HHSA single ResNet,856,856,1,0.83,0.32520785672424574
M2 HHSA single ResNet,857,857,1,0.8,0.3687963665358651
M2 HHSA single ResNet,858,858,1,0.65,-0.02280090595005585
M2 HHSA single ResNet,859,859,1,0.35,-0.5058776247128912
M2 HHSA single ResNet,860,860,1,0.18,-0.4986882319701674
M2 HHSA single ResNet,861,861,1,0.78,0.0378744791574597
M2 HHSA single ResNet,862,862,1,0.82,0.3239987765959753
M2 HHSA single ResNet,863,863,1,0.73,0.3241988268853586
M2 HHSA single ResNet,864,864,1,0.84,0.4796359607851769
M2 HHSA single ResNet,865,865,1,0.67,0.26631371321764574
M2 HHSA single ResNet,866,866,1,0.65,0.2067108138125846
M2 HHSA single ResNet,867,867,1,0.66,0.17337965651241516
M2 HHSA single ResNet,868,868,1,0.05,-0.12877303073135982
M2 HHSA single ResNet,869,869,1,-0.05,-0.2362190375992322
M2 HHSA single ResNet,870,870,1,0.08,-0.21331433816538609
M2 HHSA single ResNet,871,871,1,-0.29,-0.49919263660830476
M2 HHSA single ResNet,872,872,1,-0.66,-0.9350077722638674
M2 HHSA single ResNet,873,873,1,-0.9,-1.1591631730985972
M2 HHSA single ResNet,874,874,1,-0.89,-1.2146474627310986
M2 HHSA single ResNet,875,875,1,-1.02,-1.392240243377029
M2 HHSA single ResNet,876,876,1,-1.12,-1.4828432179450668
M2 HHSA single ResNet,877,877,1,-1.0,-1.1613807096029625
M2 HHSA single ResNet,878,878,1,-0.64,-0.597984439284317
M2 HHSA single ResNet,879,879,1,-0.47,-0.34973713869861384
M2 HHSA single ResNet,880,880,1,-0.25,-0.08166320572950071
M2 HHSA single ResNet,881,881,1,-0.03,0.2635768399862881
M2 HHSA single ResNet,882,882,1,-0.18,0.009713000702647356
M2 HHSA single ResNet,883,883,1,-0.36,-0.2592023841465699
M2 HHSA single ResNet,884,884,1,-0.49,-0.12004093485295528
M2 HHSA single ResNet,885,885,1,-0.74,-0.3885002017339395
M2 HHSA single ResNet,886,886,1,-0.69,-0.2289870652441981
M2 HHSA single ResNet,887,887,1,-0.89,-0.23114231486684156
M2 HHSA single ResNet,888,888,1,-0.56,-0.35059062778328587
M2 HHSA single ResNet,889,889,1,-0.55,-0.19494515595392595
M2 HHSA single ResNet,890,890,1,-0.67,-0.39977734753975824
M2 HHSA single ResNet,891,891,1,-0.74,-0.34954569035111144
M2 HHSA single ResNet,892,892,1,-0.78,-0.2585522096779436
M2 HHSA single ResNet,893,893,1,-0.52,-0.056787994403033365
M2 HHSA single ResNet,894,894,1,-0.5,0.10539515727620308
M2 HHSA single ResNet,895,895,1,-0.8,-0.24604673965592866
M2 HHSA single ResNet,896,896,1,-0.93,-0.4475988288384306
M2 HHSA single ResNet,897,897,1,-0.83,-0.28651963714642803
M2 HHSA single ResNet,898,898,1,-0.74,-0.18156525442719826
M2 HHSA single ResNet,899,899,1,-0.63,-0.18015578213749547
M2 HHSA single ResNet,900,900,1,-0.57,-0.15388593135700454
M2 HHSA single ResNet,901,901,1,-0.47,-0.13058868009979885
M2 HHSA single ResNet,902,902,1,-0.08,0.27323514444264985
M2 HHSA single ResNet,903,903,1,0.25,0.7505228004321831
M2 HHSA single ResNet,904,904,1,0.49,0.8679153098938183
M2 HHSA single ResNet,905,905,1,0.86,1.19369387565904
M2 HHSA single ResNet,906,906,1,0.97,1.34825647880097
M2 HHSA single ResNet,907,907,1,1.2,1.4307525422152523
M2 HHSA single ResNet,908,908,1,1.41,1.6559923170772413
M2 HHSA single ResNet,909,909,1,1.51,1.6331759088571105
M2 HHSA single ResNet,910,910,1,1.86,1.8421097544646803
M2 HHSA single ResNet,911,911,1,1.76,1.8054469547927439
M2 HHSA single ResNet,912,912,1,1.64,1.5841603677440674
M2 HHSA single ResNet,913,913,1,1.39,1.4483102084071668
M2 HHSA single ResNet,914,914,1,1.04,1.1714140521621856
M2 HHSA single ResNet,915,915,1,0.98,0.9221913575359758
M2 HHSA single ResNet,916,916,1,0.5,0.4446435258889382
M2 HHSA single ResNet,917,917,1,0.37,0.30651561645450587
M2 HHSA single ResNet,918,918,1,0.4,0.28909394916935405
M2 HHSA single ResNet,919,919,1,0.19,-0.16505736701679885
M2 HHSA single ResNet,920,920,1,-0.1,-0.42125419079016385
M2 HHSA single ResNet,921,921,1,-0.01,-0.3055938918607234
M2 HHSA single ResNet,922,922,1,-0.03,-0.4647244790415744
M2 HHSA single ResNet,923,923,1,-0.52,-0.929780791251827
M2 HHSA single ResNet,924,924,1,-0.64,-0.864032444004461
M2 HHSA single ResNet,925,925,1,-0.42,-0.6302856574099505
M2 HHSA single ResNet,926,926,1,0.04,-0.5637763691500461
M2 HHSA single ResNet,927,927,1,-0.05,-0.7534889330059409
M2 HHSA single ResNet,928,928,1,0.07,-0.5263791400915737
M2 HHSA single ResNet,929,929,1,0.15,-0.4426228039666992
M2 HHSA single ResNet,930,930,1,0.14,-0.6424908865759311
M2 HHSA single ResNet,801,803,3,0.78,0.5191872465138082
M2 HHSA single ResNet,802,804,3,0.63,0.49931047255179384
M2 HHSA single ResNet,803,805,3,0.67,0.49119925984064206
M2 HHSA single ResNet,804,806,3,0.74,0.6464015243744332
M2 HHSA single ResNet,805,807,3,1.07,0.8515824091150392
M2 HHSA single ResNet,806,808,3,1.1,1.1424742251762987
M2 HHSA single ResNet,807,809,3,1.23,1.2164965070436702
M2 HHSA single ResNet,808,810,3,1.35,1.1837248362803388
M2 HHSA single ResNet,809,811,3,1.49,1.38522870978614
M2 HHSA single ResNet,810,812,3,1.67,1.6004267708190594
M2 HHSA single ResNet,811,813,3,1.91,1.783677058288459
M2 HHSA single ResNet,812,814,3,2.21,1.9470338287910862
M2 HHSA single ResNet,813,815,3,2.13,2.0368834188392
M2 HHSA single ResNet,814,816,3,2.13,1.8985542155431991
M2 HHSA single ResNet,815,817,3,1.87,1.7838988257921078
M2 HHSA single ResNet,816,818,3,1.5,1.59794544867863
M2 HHSA single ResNet,817,819,3,1.08,1.3470414059008307
M2 HHSA single ResNet,818,820,3,0.63,1.2067099336137168
M2 HHSA single ResNet,819,821,3,0.37,0.9369941751897344
M2 HHSA single ResNet,820,822,3,0.01,0.7748690536914363
M2 HHSA single ResNet,821,823,3,-0.1,0.4736128317405165
M2 HHSA single ResNet,822,824,3,-0.21,0.2697489455693892
M2 HHSA single ResNet,823,825,3,-0.39,0.03506048081089255
M2 HHSA single ResNet,824,826,3,-0.37,-0.31975409528223736
M2 HHSA single ResNet,825,827,3,-0.17,-0.38029158762394405
M2 HHSA single ResNet,826,828,3,-0.23,-0.31028859878784587
M2 HHSA single ResNet,827,829,3,0.22,-0.3479360180791125
M2 HHSA single ResNet,828,830,3,0.18,-0.3464210191209176
M2 HHSA single ResNet,829,831,3,0.35,-0.2609594216230916
M2 HHSA single ResNet,830,832,3,0.4,-0.22874110937583725
M2 HHSA single ResNet,831,833,3,0.45,0.06828721672464003
M2 HHSA single ResNet,832,834,3,0.38,0.08549770031160767
M2 HHSA single ResNet,833,835,3,0.05,0.00479799670052572
M2 HHSA single ResNet,834,836,3,-0.2,-0.14436239691056704
M2 HHSA single ResNet,835,837,3,-0.12,-0.19397784936123497
M2 HHSA single ResNet,836,838,3,-0.44,-0.20799330157528767
M2 HHSA single ResNet,837,839,3,-0.65,-0.44691845336614466
M2 HHSA single ResNet,838,840,3,-0.64,-0.7086921078447057
M2 HHSA single ResNet,839,841,3,-0.48,-0.6319979693262997
M2 HHSA single ResNet,840,842,3,-0.49,-0.5679334459639095
M2 HHSA single ResNet,841,843,3,-0.11,-0.6137802106694714
M2 HHSA single ResNet,842,844,3,0.18,-0.528740015605372
M2 HHSA single ResNet,843,845,3,0.31,-0.11818108509452163
M2 HHSA single ResNet,844,846,3,0.39,0.01750517526182685
M2 HHSA single ResNet,845,847,3,0.35,0.06954307461183787
M2 HHSA single ResNet,846,848,3,0.5,-0.02527492478869417
M2 HHSA single ResNet,847,849,3,1.01,0.06432513264102124
M2 HHSA single ResNet,848,850,3,1.15,0.5343218183948059
M2 HHSA single ResNet,849,851,3,1.1,0.7898456051818857
M2 HHSA single ResNet,850,852,3,0.88,0.7076458454130291
M2 HHSA single ResNet,851,853,3,0.87,0.7546290139560146
M2 HHSA single ResNet,852,854,3,0.92,0.6820797630929601
M2 HHSA single ResNet,853,855,3,0.82,0.6028840252858826
M2 HHSA single ResNet,854,856,3,0.83,0.5116381393238575
M2 HHSA single ResNet,855,857,3,0.8,0.49025157926528784
M2 HHSA single ResNet,856,858,3,0.65,0.569573309287586
M2 HHSA single ResNet,857,859,3,0.35,0.35229240079210833
M2 HHSA single ResNet,858,860,3,0.18,0.09295933745031834
M2 HHSA single ResNet,859,861,3,0.78,-0.003036260647627853
M2 HHSA single ResNet,860,862,3,0.82,0.188173293451489
M2 HHSA single ResNet,861,863,3,0.73,0.5300800510311867
M2 HHSA single ResNet,862,864,3,0.84,0.46383902540390054
M2 HHSA single ResNet,863,865,3,0.67,0.48921762141211966
M2 HHSA single ResNet,864,866,3,0.65,0.45986691318814465
M2 HHSA single ResNet,865,867,3,0.66,0.44255336514181187
M2 HHSA single ResNet,866,868,3,0.05,0.348889506561316
M2 HHSA single ResNet,867,869,3,-0.05,0.1517592239711036
M2 HHSA single ResNet,868,870,3,0.08,0.09674718826015391
M2 HHSA single ResNet,869,871,3,-0.29,-0.11580164568422968
M2 HHSA single ResNet,870,872,3,-0.66,-0.35096676700099266
M2 HHSA single ResNet,871,873,3,-0.9,-0.557600273067293
M2 HHSA single ResNet,872,874,3,-0.89,-0.7729070531891526
M2 HHSA single ResNet,873,875,3,-1.02,-0.8662647224135148
M2 HHSA single ResNet,874,876,3,-1.12,-0.8940665922554314
M2 HHSA single ResNet,875,877,3,-1.0,-0.8704253811841659
M2 HHSA single ResNet,876,878,3,-0.64,-0.6994749732836837
M2 HHSA single ResNet,877,879,3,-0.47,-0.41584507107747004
M2 HHSA single ResNet,878,880,3,-0.25,-0.06613152307101194
M2 HHSA single ResNet,879,881,3,-0.03,0.17829843269961473
M2 HHSA single ResNet,880,882,3,-0.18,0.3282195824478049
M2 HHSA single ResNet,881,883,3,-0.36,0.26209708315762825
M2 HHSA single ResNet,882,884,3,-0.49,0.11165506692502117
M2 HHSA single ResNet,883,885,3,-0.74,0.02600313371216098
M2 HHSA single ResNet,884,886,3,-0.69,-0.021268995237471472
M2 HHSA single ResNet,885,887,3,-0.89,0.06008901990697724
M2 HHSA single ResNet,886,888,3,-0.56,0.17102507705503792
M2 HHSA single ResNet,887,889,3,-0.55,0.08502421343827904
M2 HHSA single ResNet,888,890,3,-0.67,-0.0002342260301832766
M2 HHSA single ResNet,889,891,3,-0.74,-0.08540994445271279
M2 HHSA single ResNet,890,892,3,-0.78,-0.037432146447021974
M2 HHSA single ResNet,891,893,3,-0.52,0.12200100691497531
M2 HHSA single ResNet,892,894,3,-0.5,0.2506788398576997
M2 HHSA single ResNet,893,895,3,-0.8,0.2555521586619893
M2 HHSA single ResNet,894,896,3,-0.93,0.09475061807540977
M2 HHSA single ResNet,895,897,3,-0.83,-0.09347537896154266
M2 HHSA single ResNet,896,898,3,-0.74,-0.1886397244235504
M2 HHSA single ResNet,897,899,3,-0.63,-0.11966796552361836
M2 HHSA single ResNet,898,900,3,-0.57,-0.0002584680456469146
M2 HHSA single ResNet,899,901,3,-0.47,0.07726444920825856
M2 HHSA single ResNet,900,902,3,-0.08,0.15140106061735184
M2 HHSA single ResNet,901,903,3,0.25,0.3401455496360677
M2 HHSA single ResNet,902,904,3,0.49,0.7129490927722015
M2 HHSA single ResNet,903,905,3,0.86,1.0659791914664476
M2 HHSA single ResNet,904,906,3,0.97,1.2927507772286435
M2 HHSA single ResNet,905,907,3,1.2,1.4440463995547281
M2 HHSA single ResNet,906,908,3,1.41,1.5927233982660127
M2 HHSA single ResNet,907,909,3,1.51,1.8167983441959892
M2 HHSA single ResNet,908,910,3,1.86,1.939399902157509
M2 HHSA single ResNet,909,911,3,1.76,2.051115414651064
M2 HHSA single ResNet,910,912,3,1.64,1.8388724276926642
M2 HHSA single ResNet,911,913,3,1.39,1.5681770046947934
M2 HHSA single ResNet,912,914,3,1.04,1.4053567171731047
M2 HHSA single ResNet,913,915,3,0.98,1.1288934836550313
M2 HHSA single ResNet,914,916,3,0.5,0.948352293873634
M2 HHSA single ResNet,915,917,3,0.37,0.7756622038429332
M2 HHSA single ResNet,916,918,3,0.4,0.5145155505953062
M2 HHSA single ResNet,917,919,3,0.19,0.43962073287841863
M2 HHSA single ResNet,918,920,3,-0.1,0.1859273452671236
M2 HHSA single ResNet,919,921,3,-0.01,-0.17278532620468462
M2 HHSA single ResNet,920,922,3,-0.03,-0.33994205057805715
M2 HHSA single ResNet,921,923,3,-0.52,-0.3917972567983191
M2 HHSA single ResNet,922,924,3,-0.64,-0.5449494530503703
M2 HHSA single ResNet,923,925,3,-0.42,-0.6189127588983451
M2 HHSA single ResNet,924,926,3,0.04,-0.4743683446054071
M2 HHSA single ResNet,925,927,3,-0.05,-0.3944294868655344
M2 HHSA single ResNet,926,928,3,0.07,-0.4899062947883607
M2 HHSA single ResNet,927,929,3,0.15,-0.5659256990503958
M2 HHSA single ResNet,928,930,3,0.14,-0.4863968019547188
M2 HHSA single ResNet,929,931,3,-0.15,-0.6707703064886654
M2 HHSA single ResNet,930,932,3,-0.32,-0.8482928517896169
M2 HHSA single ResNet,801,806,6,0.74,0.5491468266410804
M2 HHSA single ResNet,802,807,6,1.07,0.6810856572389561
M2 HHSA single ResNet,803,808,6,1.1,0.8247036689058582
M2 HHSA single ResNet,804,809,6,1.23,0.9444657416605944
M2 HHSA single ResNet,805,810,6,1.35,1.0736242482646712
M2 HHSA single ResNet,806,811,6,1.49,1.2585442249173042
M2 HHSA single ResNet,807,812,6,1.67,1.3520504852723698
M2 HHSA single ResNet,808,813,6,1.91,1.4444355852456299
M2 HHSA single ResNet,809,814,6,2.21,1.6754815739145668
M2 HHSA single ResNet,810,815,6,2.13,1.680410508821338
M2 HHSA single ResNet,811,816,6,2.13,1.4777377952120025
M2 HHSA single ResNet,812,817,6,1.87,1.273076276691468
M2 HHSA single ResNet,813,818,6,1.5,1.056558540151643
M2 HHSA single ResNet,814,819,6,1.08,0.7794181737205548
M2 HHSA single ResNet,815,820,6,0.63,0.7412836988866367
M2 HHSA single ResNet,816,821,6,0.37,0.5959129904847793
M2 HHSA single ResNet,817,822,6,0.01,0.4745304574792755
M2 HHSA single ResNet,818,823,6,-0.1,0.4271959816088125
M2 HHSA single ResNet,819,824,6,-0.21,0.2986542545968702
M2 HHSA single ResNet,820,825,6,-0.39,0.35465346755268107
M2 HHSA single ResNet,821,826,6,-0.37,0.2852484441252207
M2 HHSA single ResNet,822,827,6,-0.17,0.36392720821238306
M2 HHSA single ResNet,823,828,6,-0.23,0.36376877185010553
M2 HHSA single ResNet,824,829,6,0.22,0.20784644913931222
M2 HHSA single ResNet,825,830,6,0.18,0.3587691016906835
M2 HHSA single ResNet,826,831,6,0.35,0.4230772547364657
M2 HHSA single ResNet,827,832,6,0.4,0.2584916529436582
M2 HHSA single ResNet,828,833,6,0.45,0.19084763245196407
M2 HHSA single ResNet,829,834,6,0.38,0.060135026839768985
M2 HHSA single ResNet,830,835,6,0.05,-0.11052752180301335
M2 HHSA single ResNet,831,836,6,-0.2,-0.018818648194181248
M2 HHSA single ResNet,832,837,6,-0.12,-0.13619582513202422
M2 HHSA single ResNet,833,838,6,-0.44,-0.15501313647750714
M2 HHSA single ResNet,834,839,6,-0.65,-0.0984773120219634
M2 HHSA single ResNet,835,840,6,-0.64,-0.01922410566674701
M2 HHSA single ResNet,836,841,6,-0.48,0.024350146469297312
M2 HHSA single ResNet,837,842,6,-0.49,0.03210177583038709
M2 HHSA single ResNet,838,843,6,-0.11,0.056264558171448154
M2 HHSA single ResNet,839,844,6,0.18,0.2432012185263004
M2 HHSA single ResNet,840,845,6,0.31,0.3425413036754226
M2 HHSA single ResNet,841,846,6,0.39,0.24113399070850805
M2 HHSA single ResNet,842,847,6,0.35,0.23603619250652647
M2 HHSA single ResNet,843,848,6,0.5,0.4325153079536997
M2 HHSA single ResNet,844,849,6,1.01,0.5774871419889531
M2 HHSA single ResNet,845,850,6,1.15,0.6298313614964175
M2 HHSA single ResNet,846,851,6,1.1,0.5145385991429385
M2 HHSA single ResNet,847,852,6,0.88,0.42391326501170695
M2 HHSA single ResNet,848,853,6,0.87,0.33470639139662706
M2 HHSA single ResNet,849,854,6,0.92,0.3500699910721922
M2 HHSA single ResNet,850,855,6,0.82,0.4033952700956556
M2 HHSA single ResNet,851,856,6,0.83,0.4990655608534968
M2 HHSA single ResNet,852,857,6,0.8,0.5114468368006473
M2 HHSA single ResNet,853,858,6,0.65,0.37574922942620687
M2 HHSA single ResNet,854,859,6,0.35,0.1932578003266438
M2 HHSA single ResNet,855,860,6,0.18,0.11946882596583486
M2 HHSA single ResNet,856,861,6,0.78,0.3024116617339394
M2 HHSA single ResNet,857,862,6,0.82,0.5408610378767738
M2 HHSA single ResNet,858,863,6,0.73,0.5402078523832123
M2 HHSA single ResNet,859,864,6,0.84,0.36980936802605263
M2 HHSA single ResNet,860,865,6,0.67,0.24881704973098806
M2 HHSA single ResNet,861,866,6,0.65,0.22787234583923216
M2 HHSA single ResNet,862,867,6,0.66,0.025989339853808913
M2 HHSA single ResNet,863,868,6,0.05,-0.06255911271028358
M2 HHSA single ResNet,864,869,6,-0.05,-0.13127621261020583
M2 HHSA single ResNet,865,870,6,0.08,-0.1422944542588501
M2 HHSA single ResNet,866,871,6,-0.29,-0.35238470460170906
M2 HHSA single ResNet,867,872,6,-0.66,-0.3638275344939359
M2 HHSA single ResNet,868,873,6,-0.9,-0.3843729001089362
M2 HHSA single ResNet,869,874,6,-0.89,-0.5110833749335726
M2 HHSA single ResNet,870,875,6,-1.02,-0.5067864623810625
M2 HHSA single ResNet,871,876,6,-1.12,-0.39547480022159953
M2 HHSA single ResNet,872,877,6,-1.0,-0.36785319215347245
M2 HHSA single ResNet,873,878,6,-0.64,-0.2486202751996029
M2 HHSA single ResNet,874,879,6,-0.47,-0.1286151024799082
M2 HHSA single ResNet,875,880,6,-0.25,-0.033199973350969164
M2 HHSA single ResNet,876,881,6,-0.03,-0.01879074731220179
M2 HHSA single ResNet,877,882,6,-0.18,0.029472907455631026
M2 HHSA single ResNet,878,883,6,-0.36,0.06008240617399302
M2 HHSA single ResNet,879,884,6,-0.49,0.04581328100103213
M2 HHSA single ResNet,880,885,6,-0.74,-0.16163559748393508
M2 HHSA single ResNet,881,886,6,-0.69,-0.16681932951877493
M2 HHSA single ResNet,882,887,6,-0.89,-0.05031515416802965
M2 HHSA single ResNet,883,888,6,-0.56,-0.16776517604516572
M2 HHSA single ResNet,884,889,6,-0.55,-0.16639721546266797
M2 HHSA single ResNet,885,890,6,-0.67,-0.02998545154616017
M2 HHSA single ResNet,886,891,6,-0.74,-0.172877985054198
M2 HHSA single ResNet,887,892,6,-0.78,-0.23048404470692085
M2 HHSA single ResNet,888,893,6,-0.52,-0.05991404061665821
M2 HHSA single ResNet,889,894,6,-0.5,0.2089819244629409
M2 HHSA single ResNet,890,895,6,-0.8,0.1826280723845493
M2 HHSA single ResNet,891,896,6,-0.93,0.16988940889293075
M2 HHSA single ResNet,892,897,6,-0.83,0.16371666459663453
M2 HHSA single ResNet,893,898,6,-0.74,0.1426091061506804
M2 HHSA single ResNet,894,899,6,-0.63,0.23019918661428684
M2 HHSA single ResNet,895,900,6,-0.57,0.21104212735557926
M2 HHSA single ResNet,896,901,6,-0.47,0.18988358297485985
M2 HHSA single ResNet,897,902,6,-0.08,0.20277820864128032
M2 HHSA single ResNet,898,903,6,0.25,0.31867370073658585
M2 HHSA single ResNet,899,904,6,0.49,0.43948836353451765
M2 HHSA single ResNet,900,905,6,0.86,0.6191575399989542
M2 HHSA single ResNet,901,906,6,0.97,0.8631882412675753
M2 HHSA single ResNet,902,907,6,1.2,1.112911075915355
M2 HHSA single ResNet,903,908,6,1.41,1.2284364560734609
M2 HHSA single ResNet,904,909,6,1.51,1.3309935593058273
M2 HHSA single ResNet,905,910,6,1.86,1.407255970049621
M2 HHSA single ResNet,906,911,6,1.76,1.4085584530278534
M2 HHSA single ResNet,907,912,6,1.64,1.3577420001046596
M2 HHSA single ResNet,908,913,6,1.39,1.190634052544305
M2 HHSA single ResNet,909,914,6,1.04,1.0470890294079334
M2 HHSA single ResNet,910,915,6,0.98,0.7878341224188463
M2 HHSA single ResNet,911,916,6,0.5,0.6319497961585712
M2 HHSA single ResNet,912,917,6,0.37,0.7011104052089765
M2 HHSA single ResNet,913,918,6,0.4,0.6007627513923308
M2 HHSA single ResNet,914,919,6,0.19,0.5060183369333986
M2 HHSA single ResNet,915,920,6,-0.1,0.41063655410798144
M2 HHSA single ResNet,916,921,6,-0.01,0.3333458975584753
M2 HHSA single ResNet,917,922,6,-0.03,0.22482697451210848
M2 HHSA single ResNet,918,923,6,-0.52,0.08664059962871856
M2 HHSA single ResNet,919,924,6,-0.64,-0.07881755088651467
M2 HHSA single ResNet,920,925,6,-0.42,-0.12240311359387608
M2 HHSA single ResNet,921,926,6,0.04,0.0526242773021976
M2 HHSA single ResNet,922,927,6,-0.05,0.015367907067045605
M2 HHSA single ResNet,923,928,6,0.07,-0.10293995095342022
M2 HHSA single ResNet,924,929,6,0.15,0.004914089436275165
M2 HHSA single ResNet,925,930,6,0.14,-0.027169539016439814
M2 HHSA single ResNet,926,931,6,-0.15,-0.22757807285763623
M2 HHSA single ResNet,927,932,6,-0.32,-0.45578784740497696
M2 HHSA single ResNet,928,933,6,-0.42,-0.5204965095483737
M2 HHSA single ResNet,929,934,6,-0.54,-0.4932334377546142
M2 HHSA single ResNet,930,935,6,-0.39,-0.45065152256944657
M2 HHSA single ResNet,801,809,9,1.23,1.3222186418318749
M2 HHSA single ResNet,802,810,9,1.35,1.332918137323088
M2 HHSA single ResNet,803,811,9,1.49,1.3428971720862348
M2 HHSA single ResNet,804,812,9,1.67,1.264501752024554
M2 HHSA single ResNet,805,813,9,1.91,1.2866696996815539
M2 HHSA single ResNet,806,814,9,2.21,1.41919975796825
M2 HHSA single ResNet,807,815,9,2.13,1.1928546886721236
M2 HHSA single ResNet,808,816,9,2.13,0.9022626487862345
M2 HHSA single ResNet,809,817,9,1.87,0.8410300236948224
M2 HHSA single ResNet,810,818,9,1.5,0.710942518079996
M2 HHSA single ResNet,811,819,9,1.08,0.4660692588315355
M2 HHSA single ResNet,812,820,9,0.63,0.33278384746910405
M2 HHSA single ResNet,813,821,9,0.37,0.32877378920386247
M2 HHSA single ResNet,814,822,9,0.01,0.27033515781014306
M2 HHSA single ResNet,815,823,9,-0.1,0.24686152966987288
M2 HHSA single ResNet,816,824,9,-0.21,0.13913842887968
M2 HHSA single ResNet,817,825,9,-0.39,0.08328543086703641
M2 HHSA single ResNet,818,826,9,-0.37,-0.02798566958695925
M2 HHSA single ResNet,819,827,9,-0.17,-0.0330271279822775
M2 HHSA single ResNet,820,828,9,-0.23,0.31395372829061363
M2 HHSA single ResNet,821,829,9,0.22,0.491356494035064
M2 HHSA single ResNet,822,830,9,0.18,0.7254784934486811
M2 HHSA single ResNet,823,831,9,0.35,0.651047109087342
M2 HHSA single ResNet,824,832,9,0.4,0.4058740406541024
M2 HHSA single ResNet,825,833,9,0.45,0.4607674770220912
M2 HHSA single ResNet,826,834,9,0.38,0.4300890649310404
M2 HHSA single ResNet,827,835,9,0.05,0.3015930037101384
M2 HHSA single ResNet,828,836,9,-0.2,0.3255203207051597
M2 HHSA single ResNet,829,837,9,-0.12,0.03661696002761647
M2 HHSA single ResNet,830,838,9,-0.44,-0.15562027628631933
M2 HHSA single ResNet,831,839,9,-0.65,0.04817175971200105
M2 HHSA single ResNet,832,840,9,-0.64,0.06446942321396393
M2 HHSA single ResNet,833,841,9,-0.48,0.021614752226031042
M2 HHSA single ResNet,834,842,9,-0.49,0.11968550337906683
M2 HHSA single ResNet,835,843,9,-0.11,0.2627667425956197
M2 HHSA single ResNet,836,844,9,0.18,0.38067408048727447
M2 HHSA single ResNet,837,845,9,0.31,0.44894250456468165
M2 HHSA single ResNet,838,846,9,0.39,0.5037139502184158
M2 HHSA single ResNet,839,847,9,0.35,0.5010860705961435
M2 HHSA single ResNet,840,848,9,0.5,0.5819059346429293
M2 HHSA single ResNet,841,849,9,1.01,0.5884891931299192
M2 HHSA single ResNet,842,850,9,1.15,0.5859060110466858
M2 HHSA single ResNet,843,851,9,1.1,0.6379267913483767
M2 HHSA single ResNet,844,852,9,0.88,0.675245791378663
M2 HHSA single ResNet,845,853,9,0.87,0.5106744877355152
M2 HHSA single ResNet,846,854,9,0.92,0.38345840149618304
M2 HHSA single ResNet,847,855,9,0.82,0.5064610821681635
M2 HHSA single ResNet,848,856,9,0.83,0.631774077931102
M2 HHSA single ResNet,849,857,9,0.8,0.7738898149703906
M2 HHSA single ResNet,850,858,9,0.65,0.8620505872913936
M2 HHSA single ResNet,851,859,9,0.35,0.6777504435958773
M2 HHSA single ResNet,852,860,9,0.18,0.6797332122940359
M2 HHSA single ResNet,853,861,9,0.78,0.8587593997231856
M2 HHSA single ResNet,854,862,9,0.82,0.8881836306694241
M2 HHSA single ResNet,855,863,9,0.73,0.7854232817384157
M2 HHSA single ResNet,856,864,9,0.84,0.7196735551523477
M2 HHSA single ResNet,857,865,9,0.67,0.6625469201985018
M2 HHSA single ResNet,858,866,9,0.65,0.38836576727438443
M2 HHSA single ResNet,859,867,9,0.66,0.061477271898782826
M2 HHSA single ResNet,860,868,9,0.05,-0.0704079735946184
M2 HHSA single ResNet,861,869,9,-0.05,-0.08231597548503272
M2 HHSA single ResNet,862,870,9,0.08,-0.179520148683198
M2 HHSA single ResNet,863,871,9,-0.29,-0.37221963683151055
M2 HHSA single ResNet,864,872,9,-0.66,-0.2967973318801434
M2 HHSA single ResNet,865,873,9,-0.9,-0.20426137937606256
M2 HHSA single ResNet,866,874,9,-0.89,-0.3328056825801813
M2 HHSA single ResNet,867,875,9,-1.02,-0.39614940512437435
M2 HHSA single ResNet,868,876,9,-1.12,-0.3636149630587541
M2 HHSA single ResNet,869,877,9,-1.0,-0.14078119021008528
M2 HHSA single ResNet,870,878,9,-0.64,0.021182418371403777
M2 HHSA single ResNet,871,879,9,-0.47,-0.004464296348170194
M2 HHSA single ResNet,872,880,9,-0.25,-0.1845211772269374
M2 HHSA single ResNet,873,881,9,-0.03,-0.143095557671801
M2 HHSA single ResNet,874,882,9,-0.18,-0.029811886479659905
M2 HHSA single ResNet,875,883,9,-0.36,-0.060832795671973014
M2 HHSA single ResNet,876,884,9,-0.49,-0.09907953464248967
M2 HHSA single ResNet,877,885,9,-0.74,-0.0545081380654901
M2 HHSA single ResNet,878,886,9,-0.69,0.01842000445672773
M2 HHSA single ResNet,879,887,9,-0.89,0.01245345717290075
M2 HHSA single ResNet,880,888,9,-0.56,-0.04671484387861814
M2 HHSA single ResNet,881,889,9,-0.55,0.06093820721106502
M2 HHSA single ResNet,882,890,9,-0.67,-0.018845906204067592
M2 HHSA single ResNet,883,891,9,-0.74,-0.09375993675615817
M2 HHSA single ResNet,884,892,9,-0.78,0.09481646842098332
M2 HHSA single ResNet,885,893,9,-0.52,0.18385116154850237
M2 HHSA single ResNet,886,894,9,-0.5,0.13910320527554607
M2 HHSA single ResNet,887,895,9,-0.8,-0.13959754460859825
M2 HHSA single ResNet,888,896,9,-0.93,-0.11838549269137154
M2 HHSA single ResNet,889,897,9,-0.83,0.04128442987371306
M2 HHSA single ResNet,890,898,9,-0.74,-0.15529900720353576
M2 HHSA single ResNet,891,899,9,-0.63,-0.20933480402027355
M2 HHSA single ResNet,892,900,9,-0.57,-0.03444561233383381
M2 HHSA single ResNet,893,901,9,-0.47,0.27200879797496813
M2 HHSA single ResNet,894,902,9,-0.08,0.4206355354243022
M2 HHSA single ResNet,895,903,9,0.25,0.35110162331473693
M2 HHSA single ResNet,896,904,9,0.49,0.4592177267752544
M2 HHSA single ResNet,897,905,9,0.86,0.7722435145058274
M2 HHSA single ResNet,898,906,9,0.97,0.9753051410402428
M2 HHSA single ResNet,899,907,9,1.2,0.9557728464905654
M2 HHSA single ResNet,900,908,9,1.41,0.8867218621397469
M2 HHSA single ResNet,901,909,9,1.51,0.9573279851759028
M2 HHSA single ResNet,902,910,9,1.86,1.1521712713110537
M2 HHSA single ResNet,903,911,9,1.76,1.1984689115795535
M2 HHSA single ResNet,904,912,9,1.64,1.0031962287304337
M2 HHSA single ResNet,905,913,9,1.39,0.7675607847785668
M2 HHSA single ResNet,906,914,9,1.04,0.488688510296737
M2 HHSA single ResNet,907,915,9,0.98,0.5304860094016
M2 HHSA single ResNet,908,916,9,0.5,0.6870229745700249
M2 HHSA single ResNet,909,917,9,0.37,0.4825589406644982
M2 HHSA single ResNet,910,918,9,0.4,0.35886865990579997
M2 HHSA single ResNet,911,919,9,0.19,0.12728035285951386
M2 HHSA single ResNet,912,920,9,-0.1,0.29818309382479935
M2 HHSA single ResNet,913,921,9,-0.01,0.3667537121335349
M2 HHSA single ResNet,914,922,9,-0.03,0.25337911104169386
M2 HHSA single ResNet,915,923,9,-0.52,0.34845059990742866
M2 HHSA single ResNet,916,924,9,-0.64,0.3579011260222157
M2 HHSA single ResNet,917,925,9,-0.42,0.4405891881977263
M2 HHSA single ResNet,918,926,9,0.04,0.43451023455337145
M2 HHSA single ResNet,919,927,9,-0.05,0.20803919946540797
M2 HHSA single ResNet,920,928,9,0.07,0.05088629602557215
M2 HHSA single ResNet,921,929,9,0.15,0.1273918758694678
M2 HHSA single ResNet,922,930,9,0.14,0.10816583896375884
M2 HHSA single ResNet,923,931,9,-0.15,-0.0877129548816372
M2 HHSA single ResNet,924,932,9,-0.32,-0.039432844045797236
M2 HHSA single ResNet,925,933,9,-0.42,0.06997623069160866
M2 HHSA single ResNet,926,934,9,-0.54,-0.012949519039572005
M2 HHSA single ResNet,927,935,9,-0.39,-0.16965794255438957
M2 HHSA single ResNet,928,936,9,-0.4,-0.09611971395831302
M2 HHSA single ResNet,929,937,9,-0.02,-0.012565879885330561
M2 HHSA single ResNet,930,938,9,0.22,-0.006742501645767202
M2 HHSA single ResNet,801,812,12,1.67,1.5638506000671795
M2 HHSA single ResNet,802,813,12,1.91,1.5922407454783563
M2 HHSA single ResNet,803,814,12,2.21,1.5302107426987859
M2 HHSA single ResNet,804,815,12,2.13,1.3290315673258586
M2 HHSA single ResNet,805,816,12,2.13,1.2778292942438427
M2 HHSA single ResNet,806,817,12,1.87,1.2030026105604144
M2 HHSA single ResNet,807,818,12,1.5,0.8039332370449761
M2 HHSA single ResNet,808,819,12,1.08,0.3140717650301421
M2 HHSA single ResNet,809,820,12,0.63,-0.0036006235941206666
M2 HHSA single ResNet,810,821,12,0.37,-0.17521367820985906
M2 HHSA single ResNet,811,822,12,0.01,-0.303166972575331
M2 HHSA single ResNet,812,823,12,-0.1,-0.38124151796069844
M2 HHSA single ResNet,813,824,12,-0.21,-0.3354560694270654
M2 HHSA single ResNet,814,825,12,-0.39,-0.127980936569071
M2 HHSA single ResNet,815,826,12,-0.37,0.02584265582486525
M2 HHSA single ResNet,816,827,12,-0.17,0.05190042542293946
M2 HHSA single ResNet,817,828,12,-0.23,0.15171364414568642
M2 HHSA single ResNet,818,829,12,0.22,0.053523820656629695
M2 HHSA single ResNet,819,830,12,0.18,0.18005126593251838
M2 HHSA single ResNet,820,831,12,0.35,0.5253875581553978
M2 HHSA single ResNet,821,832,12,0.4,0.8337382072168878
M2 HHSA single ResNet,822,833,12,0.45,0.9387972063555846
M2 HHSA single ResNet,823,834,12,0.38,0.7954652272509105
M2 HHSA single ResNet,824,835,12,0.05,0.4883314564735458
M2 HHSA single ResNet,825,836,12,-0.2,0.31296779707724065
M2 HHSA single ResNet,826,837,12,-0.12,0.2745050429395349
M2 HHSA single ResNet,827,838,12,-0.44,0.3327743718858691
M2 HHSA single ResNet,828,839,12,-0.65,0.36935170902554415
M2 HHSA single ResNet,829,840,12,-0.64,0.22311803159258223
M2 HHSA single ResNet,830,841,12,-0.48,0.15071732974411226
M2 HHSA single ResNet,831,842,12,-0.49,0.250842774687943
M2 HHSA single ResNet,832,843,12,-0.11,0.27395723346476675
M2 HHSA single ResNet,833,844,12,0.18,0.24195386910518366
M2 HHSA single ResNet,834,845,12,0.31,0.38116921528076786
M2 HHSA single ResNet,835,846,12,0.39,0.5201057754233497
M2 HHSA single ResNet,836,847,12,0.35,0.626493679684976
M2 HHSA single ResNet,837,848,12,0.5,0.6928028779988415
M2 HHSA single ResNet,838,849,12,1.01,0.502327743384726
M2 HHSA single ResNet,839,850,12,1.15,0.18907786380887118
M2 HHSA single ResNet,840,851,12,1.1,0.14234383155163247
M2 HHSA single ResNet,841,852,12,0.88,0.15372933210098608
M2 HHSA single ResNet,842,853,12,0.87,0.0394714319768055
M2 HHSA single ResNet,843,854,12,0.92,0.016769950687864937
M2 HHSA single ResNet,844,855,12,0.82,-0.017577009838549457
M2 HHSA single ResNet,845,856,12,0.83,-0.2821009351479528
M2 HHSA single ResNet,846,857,12,0.8,-0.059393390764474904
M2 HHSA single ResNet,847,858,12,0.65,0.3276500716776132
M2 HHSA single ResNet,848,859,12,0.35,0.5001160084615188
M2 HHSA single ResNet,849,860,12,0.18,0.6160790710428229
M2 HHSA single ResNet,850,861,12,0.78,0.7724103158631673
M2 HHSA single ResNet,851,862,12,0.82,0.5870850585628549
M2 HHSA single ResNet,852,863,12,0.73,0.6524663247884226
M2 HHSA single ResNet,853,864,12,0.84,0.9425001881338214
M2 HHSA single ResNet,854,865,12,0.67,0.9445865554826886
M2 HHSA single ResNet,855,866,12,0.65,0.6698106945728894
M2 HHSA single ResNet,856,867,12,0.66,0.39767484153669475
M2 HHSA single ResNet,857,868,12,0.05,0.16845527331419693
M2 HHSA single ResNet,858,869,12,-0.05,-0.2692648946568022
M2 HHSA single ResNet,859,870,12,0.08,-0.6197482701487078
M2 HHSA single ResNet,860,871,12,-0.29,-0.7356012937491517
M2 HHSA single ResNet,861,872,12,-0.66,-0.8493850014044266
M2 HHSA single ResNet,862,873,12,-0.9,-0.8046450336255181
M2 HHSA single ResNet,863,874,12,-0.89,-0.8631994214010337
M2 HHSA single ResNet,864,875,12,-1.02,-0.5310712083271951
M2 HHSA single ResNet,865,876,12,-1.12,-0.3168567097042231
M2 HHSA single ResNet,866,877,12,-1.0,-0.2777803259064895
M2 HHSA single ResNet,867,878,12,-0.64,-0.23096132376579645
M2 HHSA single ResNet,868,879,12,-0.47,-0.18782442813401368
M2 HHSA single ResNet,869,880,12,-0.25,0.09459038156604724
M2 HHSA single ResNet,870,881,12,-0.03,0.3176655471453175
M2 HHSA single ResNet,871,882,12,-0.18,0.28379059244407023
M2 HHSA single ResNet,872,883,12,-0.36,0.10976043233127661
M2 HHSA single ResNet,873,884,12,-0.49,0.10891735968988073
M2 HHSA single ResNet,874,885,12,-0.74,0.13412858893881216
M2 HHSA single ResNet,875,886,12,-0.69,-0.009976214116245052
M2 HHSA single ResNet,876,887,12,-0.89,-0.0811708162881087
M2 HHSA single ResNet,877,888,12,-0.56,-0.03530890148555993
M2 HHSA single ResNet,878,889,12,-0.55,-0.006917187875338432
M2 HHSA single ResNet,879,890,12,-0.67,-0.05633523697233263
M2 HHSA single ResNet,880,891,12,-0.74,-0.014829359457272873
M2 HHSA single ResNet,881,892,12,-0.78,0.04753252724971743
M2 HHSA single ResNet,882,893,12,-0.52,0.09498062016778111
M2 HHSA single ResNet,883,894,12,-0.5,0.19768661394537787
M2 HHSA single ResNet,884,895,12,-0.8,0.3308276846885396
M2 HHSA single ResNet,885,896,12,-0.93,0.37245307664065974
M2 HHSA single ResNet,886,897,12,-0.83,0.2517661567902799
M2 HHSA single ResNet,887,898,12,-0.74,-0.04693692070409161
M2 HHSA single ResNet,888,899,12,-0.63,-0.047784499156827406
M2 HHSA single ResNet,889,900,12,-0.57,-0.0803953529041221
M2 HHSA single ResNet,890,901,12,-0.47,-0.19136608419643303
M2 HHSA single ResNet,891,902,12,-0.08,-0.16274951072177007
M2 HHSA single ResNet,892,903,12,0.25,0.04451650500233448
M2 HHSA single ResNet,893,904,12,0.49,0.3691305708729202
M2 HHSA single ResNet,894,905,12,0.86,0.5839089916636627
M2 HHSA single ResNet,895,906,12,0.97,0.6536464056132719
M2 HHSA single ResNet,896,907,12,1.2,0.8108492157055441
M2 HHSA single ResNet,897,908,12,1.41,1.095245160524557
M2 HHSA single ResNet,898,909,12,1.51,1.232454890558425
M2 HHSA single ResNet,899,910,12,1.86,1.1303231668535632
M2 HHSA single ResNet,900,911,12,1.76,0.961743448175718
M2 HHSA single ResNet,901,912,12,1.64,0.8542713661913889
M2 HHSA single ResNet,902,913,12,1.39,0.8178225330241436
M2 HHSA single ResNet,903,914,12,1.04,0.6848060347121444
M2 HHSA single ResNet,904,915,12,0.98,0.32248552838964484
M2 HHSA single ResNet,905,916,12,0.5,0.00231899649025219
M2 HHSA single ResNet,906,917,12,0.37,-0.26700508670231393
M2 HHSA single ResNet,907,918,12,0.4,-0.2744095151907088
M2 HHSA single ResNet,908,919,12,0.19,-0.17704193324834225
M2 HHSA single ResNet,909,920,12,-0.1,-0.35591932206386623
M2 HHSA single ResNet,910,921,12,-0.01,-0.35516660860968413
M2 HHSA single ResNet,911,922,12,-0.03,-0.3946367428915195
M2 HHSA single ResNet,912,923,12,-0.52,-0.3039037389913394
M2 HHSA single ResNet,913,924,12,-0.64,-0.14300830330853623
M2 HHSA single ResNet,914,925,12,-0.42,-0.13213293128225517
M2 HHSA single ResNet,915,926,12,0.04,0.07729544318245657
M2 HHSA single ResNet,916,927,12,-0.05,0.32220091130667317
M2 HHSA single ResNet,917,928,12,0.07,0.35443248175823694
M2 HHSA single ResNet,918,929,12,0.15,0.4418585624882281
M2 HHSA single ResNet,919,930,12,0.14,0.4057383001518291
M2 HHSA single ResNet,920,931,12,-0.15,0.22389554909644435
M2 HHSA single ResNet,921,932,12,-0.32,0.19595938626507506
M2 HHSA single ResNet,922,933,12,-0.42,0.2533752615340832
M2 HHSA single ResNet,923,934,12,-0.54,0.14302118310242332
M2 HHSA single ResNet,924,935,12,-0.39,0.0406195082887551
M2 HHSA single ResNet,925,936,12,-0.4,0.17890535417699674
M2 HHSA single ResNet,926,937,12,-0.02,0.26493143073159153
M2 HHSA single ResNet,927,938,12,0.22,0.2167302047004465
M2 HHSA single ResNet,928,939,12,0.74,0.3394757944123391
M2 HHSA single ResNet,929,940,12,1.09,0.56957618248986
M2 HHSA single ResNet,930,941,12,1.58,0.6001312377260055
M4 Dual physical reconstruction,801,801,1,0.45,1.006950617141237
M4 Dual physical reconstruction,802,802,1,0.84,0.88442751639334
M4 Dual physical reconstruction,803,803,1,0.78,0.9644888783264137
M4 Dual physical reconstruction,804,804,1,0.63,0.927563167377236
M4 Dual physical reconstruction,805,805,1,0.67,1.0820635750308576
M4 Dual physical reconstruction,806,806,1,0.74,1.2164409726186811
M4 Dual physical reconstruction,807,807,1,1.07,1.4115681322270397
M4 Dual physical reconstruction,808,808,1,1.1,1.5738308606301876
M4 Dual physical reconstruction,809,809,1,1.23,1.6450336830346195
M4 Dual physical reconstruction,810,810,1,1.35,1.8012622006949017
M4 Dual physical reconstruction,811,811,1,1.49,1.7870834672244829
M4 Dual physical reconstruction,812,812,1,1.67,1.7943717836440944
M4 Dual physical reconstruction,813,813,1,1.91,2.045306202648277
M4 Dual physical reconstruction,814,814,1,2.21,2.1943391251868736
M4 Dual physical reconstruction,815,815,1,2.13,2.2279788482884677
M4 Dual physical reconstruction,816,816,1,2.13,2.0176629915534265
M4 Dual physical reconstruction,817,817,1,1.87,1.6986362573172489
M4 Dual physical reconstruction,818,818,1,1.5,1.3090673781742268
M4 Dual physical reconstruction,819,819,1,1.08,0.7555875685893825
M4 Dual physical reconstruction,820,820,1,0.63,0.28882464190623947
M4 Dual physical reconstruction,821,821,1,0.37,0.07544855589923857
M4 Dual physical reconstruction,822,822,1,0.01,-0.15797252581269108
M4 Dual physical reconstruction,823,823,1,-0.1,-0.38363747011606564
M4 Dual physical reconstruction,824,824,1,-0.21,-0.39000375144533905
M4 Dual physical reconstruction,825,825,1,-0.39,-0.45849990859607925
M4 Dual physical reconstruction,826,826,1,-0.37,-0.20028253502607332
M4 Dual physical reconstruction,827,827,1,-0.17,0.25084156206331765
M4 Dual physical reconstruction,828,828,1,-0.23,-0.12410369400838805
M4 Dual physical reconstruction,829,829,1,0.22,0.1476771328001289
M4 Dual physical reconstruction,830,830,1,0.18,0.29341755801319536
M4 Dual physical reconstruction,831,831,1,0.35,0.3692814113399268
M4 Dual physical reconstruction,832,832,1,0.4,0.517764786654888
M4 Dual physical reconstruction,833,833,1,0.45,0.48901541225283224
M4 Dual physical reconstruction,834,834,1,0.38,0.49483821123465
M4 Dual physical reconstruction,835,835,1,0.05,0.19460572435162754
M4 Dual physical reconstruction,836,836,1,-0.2,-0.06552502144682537
M4 Dual physical reconstruction,837,837,1,-0.12,-0.25187352229532445
M4 Dual physical reconstruction,838,838,1,-0.44,-0.48030969896185693
M4 Dual physical reconstruction,839,839,1,-0.65,-0.5604040575806957
M4 Dual physical reconstruction,840,840,1,-0.64,-0.634684571624253
M4 Dual physical reconstruction,841,841,1,-0.48,-0.6350076323669651
M4 Dual physical reconstruction,842,842,1,-0.49,-0.4747843931702185
M4 Dual physical reconstruction,843,843,1,-0.11,-0.26947503724884825
M4 Dual physical reconstruction,844,844,1,0.18,0.09341604059633735
M4 Dual physical reconstruction,845,845,1,0.31,0.24475054964728754
M4 Dual physical reconstruction,846,846,1,0.39,0.16777044882278241
M4 Dual physical reconstruction,847,847,1,0.35,0.2738069449522857
M4 Dual physical reconstruction,848,848,1,0.5,0.24166946092363856
M4 Dual physical reconstruction,849,849,1,1.01,0.38024755734340304
M4 Dual physical reconstruction,850,850,1,1.15,0.9236761481333177
M4 Dual physical reconstruction,851,851,1,1.1,0.734360246111718
M4 Dual physical reconstruction,852,852,1,0.88,0.6132566623290261
M4 Dual physical reconstruction,853,853,1,0.87,0.796616453775929
M4 Dual physical reconstruction,854,854,1,0.92,0.794508483199049
M4 Dual physical reconstruction,855,855,1,0.82,0.5450765189698595
M4 Dual physical reconstruction,856,856,1,0.83,0.3747959904040796
M4 Dual physical reconstruction,857,857,1,0.8,0.6178649229663674
M4 Dual physical reconstruction,858,858,1,0.65,0.5656045735752466
M4 Dual physical reconstruction,859,859,1,0.35,0.6066629325672945
M4 Dual physical reconstruction,860,860,1,0.18,0.5333819801031715
M4 Dual physical reconstruction,861,861,1,0.78,0.5890339111444178
M4 Dual physical reconstruction,862,862,1,0.82,0.5182033223504134
M4 Dual physical reconstruction,863,863,1,0.73,0.20680279001698182
M4 Dual physical reconstruction,864,864,1,0.84,0.7912756012000719
M4 Dual physical reconstruction,865,865,1,0.67,0.49686769964303
M4 Dual physical reconstruction,866,866,1,0.65,0.4578355318577389
M4 Dual physical reconstruction,867,867,1,0.66,0.5327335220454501
M4 Dual physical reconstruction,868,868,1,0.05,0.10404775650596093
M4 Dual physical reconstruction,869,869,1,-0.05,-0.15240480515068255
M4 Dual physical reconstruction,870,870,1,0.08,-0.29897206679572297
M4 Dual physical reconstruction,871,871,1,-0.29,-0.7228047070659664
M4 Dual physical reconstruction,872,872,1,-0.66,-0.923289082482102
M4 Dual physical reconstruction,873,873,1,-0.9,-0.8622490483864698
M4 Dual physical reconstruction,874,874,1,-0.89,-0.6572497821855674
M4 Dual physical reconstruction,875,875,1,-1.02,-0.639065999517768
M4 Dual physical reconstruction,876,876,1,-1.12,-0.8043944227829272
M4 Dual physical reconstruction,877,877,1,-1.0,-0.7452053973215017
M4 Dual physical reconstruction,878,878,1,-0.64,-0.7122394783842569
M4 Dual physical reconstruction,879,879,1,-0.47,-0.743259415293521
M4 Dual physical reconstruction,880,880,1,-0.25,-0.053038672420316846
M4 Dual physical reconstruction,881,881,1,-0.03,0.06857473218315102
M4 Dual physical reconstruction,882,882,1,-0.18,-0.03978707028507816
M4 Dual physical reconstruction,883,883,1,-0.36,-0.09163922046902212
M4 Dual physical reconstruction,884,884,1,-0.49,-0.31349911085643334
M4 Dual physical reconstruction,885,885,1,-0.74,-0.6097818216979715
M4 Dual physical reconstruction,886,886,1,-0.69,-0.4160272591213322
M4 Dual physical reconstruction,887,887,1,-0.89,-0.551545660721874
M4 Dual physical reconstruction,888,888,1,-0.56,-0.40433580951143633
M4 Dual physical reconstruction,889,889,1,-0.55,-0.4169240972981637
M4 Dual physical reconstruction,890,890,1,-0.67,-0.2427102057763455
M4 Dual physical reconstruction,891,891,1,-0.74,-0.27854952098707775
M4 Dual physical reconstruction,892,892,1,-0.78,-0.33143325131908796
M4 Dual physical reconstruction,893,893,1,-0.52,-0.30405381240556206
M4 Dual physical reconstruction,894,894,1,-0.5,-0.33109098259175396
M4 Dual physical reconstruction,895,895,1,-0.8,-0.5227132914900962
M4 Dual physical reconstruction,896,896,1,-0.93,-0.9549211625041452
M4 Dual physical reconstruction,897,897,1,-0.83,-0.9685164760022303
M4 Dual physical reconstruction,898,898,1,-0.74,-0.891888453193216
M4 Dual physical reconstruction,899,899,1,-0.63,-0.622138070946287
M4 Dual physical reconstruction,900,900,1,-0.57,-0.5214098503788746
M4 Dual physical reconstruction,901,901,1,-0.47,-0.480858705941299
M4 Dual physical reconstruction,902,902,1,-0.08,-0.26005375494401217
M4 Dual physical reconstruction,903,903,1,0.25,0.19781245057835997
M4 Dual physical reconstruction,904,904,1,0.49,0.5793117099974558
M4 Dual physical reconstruction,905,905,1,0.86,1.0036764452109714
M4 Dual physical reconstruction,906,906,1,0.97,1.1618737223625948
M4 Dual physical reconstruction,907,907,1,1.2,1.3439025404747305
M4 Dual physical reconstruction,908,908,1,1.41,1.7142703865246443
M4 Dual physical reconstruction,909,909,1,1.51,1.7979427365128513
M4 Dual physical reconstruction,910,910,1,1.86,1.978067491032875
M4 Dual physical reconstruction,911,911,1,1.76,1.8878511451306128
M4 Dual physical reconstruction,912,912,1,1.64,1.6875681457451976
M4 Dual physical reconstruction,913,913,1,1.39,1.5069257315262197
M4 Dual physical reconstruction,914,914,1,1.04,1.28381059338796
M4 Dual physical reconstruction,915,915,1,0.98,1.03456317230402
M4 Dual physical reconstruction,916,916,1,0.5,1.0134959476701944
M4 Dual physical reconstruction,917,917,1,0.37,0.7724118728166448
M4 Dual physical reconstruction,918,918,1,0.4,0.28709026497444884
M4 Dual physical reconstruction,919,919,1,0.19,-0.1445288382037143
M4 Dual physical reconstruction,920,920,1,-0.1,-0.09907530288019598
M4 Dual physical reconstruction,921,921,1,-0.01,-0.12063763404139069
M4 Dual physical reconstruction,922,922,1,-0.03,-0.07892483672374093
M4 Dual physical reconstruction,923,923,1,-0.52,-0.40487344911266865
M4 Dual physical reconstruction,924,924,1,-0.64,-0.6592038569587053
M4 Dual physical reconstruction,925,925,1,-0.42,-0.30647037929359344
M4 Dual physical reconstruction,926,926,1,0.04,0.18976382225093416
M4 Dual physical reconstruction,927,927,1,-0.05,0.2820515261336446
M4 Dual physical reconstruction,928,928,1,0.07,0.20946760306310933
M4 Dual physical reconstruction,929,929,1,0.15,0.5790542921931217
M4 Dual physical reconstruction,930,930,1,0.14,1.1029771464033777
M4 Dual physical reconstruction,801,803,3,0.78,0.7930981117953835
M4 Dual physical reconstruction,802,804,3,0.63,0.6239763730569772
M4 Dual physical reconstruction,803,805,3,0.67,0.7154427787232636
M4 Dual physical reconstruction,804,806,3,0.74,0.8615241177792153
M4 Dual physical reconstruction,805,807,3,1.07,1.0398735600264282
M4 Dual physical reconstruction,806,808,3,1.1,1.2522323492362353
M4 Dual physical reconstruction,807,809,3,1.23,1.3608808696300492
M4 Dual physical reconstruction,808,810,3,1.35,1.4180742273714728
M4 Dual physical reconstruction,809,811,3,1.49,0.8063786459809335
M4 Dual physical reconstruction,810,812,3,1.67,1.0700685240673948
M4 Dual physical reconstruction,811,813,3,1.91,1.9304106874600708
M4 Dual physical reconstruction,812,814,3,2.21,2.0687905234269155
M4 Dual physical reconstruction,813,815,3,2.13,2.0216523432832094
M4 Dual physical reconstruction,814,816,3,2.13,1.7164012327067315
M4 Dual physical reconstruction,815,817,3,1.87,1.3739788579749812
M4 Dual physical reconstruction,816,818,3,1.5,1.0243280175645362
M4 Dual physical reconstruction,817,819,3,1.08,0.4610239252015921
M4 Dual physical reconstruction,818,820,3,0.63,0.15357162724790363
M4 Dual physical reconstruction,819,821,3,0.37,-0.20559780889805152
M4 Dual physical reconstruction,820,822,3,0.01,-0.35412625858523505
M4 Dual physical reconstruction,821,823,3,-0.1,-0.4541956464120418
M4 Dual physical reconstruction,822,824,3,-0.21,-0.5035686785330087
M4 Dual physical reconstruction,823,825,3,-0.39,-0.39444000675818647
M4 Dual physical reconstruction,824,826,3,-0.37,-0.13151940060510797
M4 Dual physical reconstruction,825,827,3,-0.17,-0.05457089298087625
M4 Dual physical reconstruction,826,828,3,-0.23,0.07667553321189963
M4 Dual physical reconstruction,827,829,3,0.22,0.35291307720723525
M4 Dual physical reconstruction,828,830,3,0.18,0.4686197801166444
M4 Dual physical reconstruction,829,831,3,0.35,0.46336724937747226
M4 Dual physical reconstruction,830,832,3,0.4,0.5252495640999344
M4 Dual physical reconstruction,831,833,3,0.45,0.3853086986410755
M4 Dual physical reconstruction,832,834,3,0.38,0.20974618035305326
M4 Dual physical reconstruction,833,835,3,0.05,-0.019710554222457766
M4 Dual physical reconstruction,834,836,3,-0.2,-0.1584663582402152
M4 Dual physical reconstruction,835,837,3,-0.12,-0.2704660084260471
M4 Dual physical reconstruction,836,838,3,-0.44,-0.5107331091250715
M4 Dual physical reconstruction,837,839,3,-0.65,-0.61029267995361
M4 Dual physical reconstruction,838,840,3,-0.64,-0.5214738859494747
M4 Dual physical reconstruction,839,841,3,-0.48,-0.3193415035746753
M4 Dual physical reconstruction,840,842,3,-0.49,-0.19456459848842456
M4 Dual physical reconstruction,841,843,3,-0.11,0.09725316541587647
M4 Dual physical reconstruction,842,844,3,0.18,0.6113683766676016
M4 Dual physical reconstruction,843,845,3,0.31,0.6403793430567715
M4 Dual physical reconstruction,844,846,3,0.39,0.7060579198291368
M4 Dual physical reconstruction,845,847,3,0.35,0.5086916711033539
M4 Dual physical reconstruction,846,848,3,0.5,0.19687179473341218
M4 Dual physical reconstruction,847,849,3,1.01,0.398191724462014
M4 Dual physical reconstruction,848,850,3,1.15,0.6742681430434065
M4 Dual physical reconstruction,849,851,3,1.1,0.7038524331317295
M4 Dual physical reconstruction,850,852,3,0.88,0.9722714614986923
M4 Dual physical reconstruction,851,853,3,0.87,1.2051520103529998
M4 Dual physical reconstruction,852,854,3,0.92,1.2092617980855682
M4 Dual physical reconstruction,853,855,3,0.82,0.6370057670961263
M4 Dual physical reconstruction,854,856,3,0.83,0.6990130516035268
M4 Dual physical reconstruction,855,857,3,0.8,0.7623409473588995
M4 Dual physical reconstruction,856,858,3,0.65,0.8841772191494645
M4 Dual physical reconstruction,857,859,3,0.35,0.4913171946230326
M4 Dual physical reconstruction,858,860,3,0.18,0.497079546726668
M4 Dual physical reconstruction,859,861,3,0.78,0.9105774435615241
M4 Dual physical reconstruction,860,862,3,0.82,1.2497553539450292
M4 Dual physical reconstruction,861,863,3,0.73,1.1496236587922999
M4 Dual physical reconstruction,862,864,3,0.84,1.0384035270881995
M4 Dual physical reconstruction,863,865,3,0.67,0.6894923237954338
M4 Dual physical reconstruction,864,866,3,0.65,0.49482248292964964
M4 Dual physical reconstruction,865,867,3,0.66,0.36981267350302816
M4 Dual physical reconstruction,866,868,3,0.05,0.2399027030268076
M4 Dual physical reconstruction,867,869,3,-0.05,-0.061128795856007834
M4 Dual physical reconstruction,868,870,3,0.08,-0.152079829803351
M4 Dual physical reconstruction,869,871,3,-0.29,-0.18629368560914322
M4 Dual physical reconstruction,870,872,3,-0.66,-0.4005396877541994
M4 Dual physical reconstruction,871,873,3,-0.9,-0.7005422929398968
M4 Dual physical reconstruction,872,874,3,-0.89,-1.0388140023314634
M4 Dual physical reconstruction,873,875,3,-1.02,-1.2323382247130037
M4 Dual physical reconstruction,874,876,3,-1.12,-1.0993031655125045
M4 Dual physical reconstruction,875,877,3,-1.0,-0.979291568416386
M4 Dual physical reconstruction,876,878,3,-0.64,-0.9082684629595426
M4 Dual physical reconstruction,877,879,3,-0.47,-0.7318151186043875
M4 Dual physical reconstruction,878,880,3,-0.25,-0.7056174896840126
M4 Dual physical reconstruction,879,881,3,-0.03,-0.5687566247252824
M4 Dual physical reconstruction,880,882,3,-0.18,-0.3835512105968558
M4 Dual physical reconstruction,881,883,3,-0.36,-0.5376400245221531
M4 Dual physical reconstruction,882,884,3,-0.49,-0.5223757537655933
M4 Dual physical reconstruction,883,885,3,-0.74,-0.8503489602451781
M4 Dual physical reconstruction,884,886,3,-0.69,-0.863604312418454
M4 Dual physical reconstruction,885,887,3,-0.89,-0.5668081970504062
M4 Dual physical reconstruction,886,888,3,-0.56,-0.3572872672574764
M4 Dual physical reconstruction,887,889,3,-0.55,-0.270729706125189
M4 Dual physical reconstruction,888,890,3,-0.67,-0.3618164506274117
M4 Dual physical reconstruction,889,891,3,-0.74,-0.32327970786113763
M4 Dual physical reconstruction,890,892,3,-0.78,-0.09980612397008909
M4 Dual physical reconstruction,891,893,3,-0.52,-0.1292729859688571
M4 Dual physical reconstruction,892,894,3,-0.5,-0.36515511522364535
M4 Dual physical reconstruction,893,895,3,-0.8,-0.7646229066585728
M4 Dual physical reconstruction,894,896,3,-0.93,-1.005010081591403
M4 Dual physical reconstruction,895,897,3,-0.83,-1.142609761094968
M4 Dual physical reconstruction,896,898,3,-0.74,-1.1510939170527141
M4 Dual physical reconstruction,897,899,3,-0.63,-1.0198196083910338
M4 Dual physical reconstruction,898,900,3,-0.57,-0.9024522689417988
M4 Dual physical reconstruction,899,901,3,-0.47,-0.24248789894641815
M4 Dual physical reconstruction,900,902,3,-0.08,0.013830179482952065
M4 Dual physical reconstruction,901,903,3,0.25,-0.060660049789518444
M4 Dual physical reconstruction,902,904,3,0.49,0.2378329749673015
M4 Dual physical reconstruction,903,905,3,0.86,0.7677505856506305
M4 Dual physical reconstruction,904,906,3,0.97,1.1055850422904576
M4 Dual physical reconstruction,905,907,3,1.2,1.1597331932486419
M4 Dual physical reconstruction,906,908,3,1.41,1.466898870099405
M4 Dual physical reconstruction,907,909,3,1.51,1.8455116425052407
M4 Dual physical reconstruction,908,910,3,1.86,2.0110710044797435
M4 Dual physical reconstruction,909,911,3,1.76,1.9533102263112
M4 Dual physical reconstruction,910,912,3,1.64,1.691252731625248
M4 Dual physical reconstruction,911,913,3,1.39,1.400921211272928
M4 Dual physical reconstruction,912,914,3,1.04,0.9305463938784971
M4 Dual physical reconstruction,913,915,3,0.98,0.8267715918014542
M4 Dual physical reconstruction,914,916,3,0.5,0.6527027023054256
M4 Dual physical reconstruction,915,917,3,0.37,0.7396654779499088
M4 Dual physical reconstruction,916,918,3,0.4,0.865195802514457
M4 Dual physical reconstruction,917,919,3,0.19,0.43189023773302027
M4 Dual physical reconstruction,918,920,3,-0.1,-0.057112944759909134
M4 Dual physical reconstruction,919,921,3,-0.01,-0.12147316905183253
M4 Dual physical reconstruction,920,922,3,-0.03,0.23966483708977138
M4 Dual physical reconstruction,921,923,3,-0.52,-0.5180472412981925
M4 Dual physical reconstruction,922,924,3,-0.64,-0.6125129374607576
M4 Dual physical reconstruction,923,925,3,-0.42,-0.3920079947872711
M4 Dual physical reconstruction,924,926,3,0.04,0.22095562803970287
M4 Dual physical reconstruction,925,927,3,-0.05,0.22224561767002554
M4 Dual physical reconstruction,926,928,3,0.07,0.30641628771535245
M4 Dual physical reconstruction,927,929,3,0.15,0.41973006033854116
M4 Dual physical reconstruction,928,930,3,0.14,0.39027113557768456
M4 Dual physical reconstruction,929,931,3,-0.15,0.3963982375957523
M4 Dual physical reconstruction,930,932,3,-0.32,0.35144963383737776
M4 Dual physical reconstruction,801,806,6,0.74,0.9256089312899529
M4 Dual physical reconstruction,802,807,6,1.07,0.9796063936609138
M4 Dual physical reconstruction,803,808,6,1.1,1.1626297023755927
M4 Dual physical reconstruction,804,809,6,1.23,1.0100592656469778
M4 Dual physical reconstruction,805,810,6,1.35,0.8416514545955773
M4 Dual physical reconstruction,806,811,6,1.49,0.8575172076827293
M4 Dual physical reconstruction,807,812,6,1.67,1.0582027376101677
M4 Dual physical reconstruction,808,813,6,1.91,1.1625039861107715
M4 Dual physical reconstruction,809,814,6,2.21,0.9386900314240902
M4 Dual physical reconstruction,810,815,6,2.13,1.4629210047737837
M4 Dual physical reconstruction,811,816,6,2.13,1.0756239285871212
M4 Dual physical reconstruction,812,817,6,1.87,1.125598315556699
M4 Dual physical reconstruction,813,818,6,1.5,0.8473696874780366
M4 Dual physical reconstruction,814,819,6,1.08,0.7749755190014066
M4 Dual physical reconstruction,815,820,6,0.63,0.3944618837880904
M4 Dual physical reconstruction,816,821,6,0.37,0.06320117376588813
M4 Dual physical reconstruction,817,822,6,0.01,-0.12329506807705853
M4 Dual physical reconstruction,818,823,6,-0.1,-0.18757893066150433
M4 Dual physical reconstruction,819,824,6,-0.21,-0.4378535193888155
M4 Dual physical reconstruction,820,825,6,-0.39,-0.1880151785954401
M4 Dual physical reconstruction,821,826,6,-0.37,-0.19527912826507599
M4 Dual physical reconstruction,822,827,6,-0.17,-0.08381150097744766
M4 Dual physical reconstruction,823,828,6,-0.23,0.13418756887014238
M4 Dual physical reconstruction,824,829,6,0.22,0.49281188616682964
M4 Dual physical reconstruction,825,830,6,0.18,0.39446833923223157
M4 Dual physical reconstruction,826,831,6,0.35,0.42196197288249654
M4 Dual physical reconstruction,827,832,6,0.4,0.3830104417284117
M4 Dual physical reconstruction,828,833,6,0.45,0.2739707960964537
M4 Dual physical reconstruction,829,834,6,0.38,0.3800196298740467
M4 Dual physical reconstruction,830,835,6,0.05,0.40604668157431967
M4 Dual physical reconstruction,831,836,6,-0.2,0.1493376004817762
M4 Dual physical reconstruction,832,837,6,-0.12,-0.19639621722361778
M4 Dual physical reconstruction,833,838,6,-0.44,-0.5191744135712723
M4 Dual physical reconstruction,834,839,6,-0.65,-0.44083093757103264
M4 Dual physical reconstruction,835,840,6,-0.64,-0.6299021112475003
M4 Dual physical reconstruction,836,841,6,-0.48,-0.5627750212367849
M4 Dual physical reconstruction,837,842,6,-0.49,-0.06023991377531085
M4 Dual physical reconstruction,838,843,6,-0.11,0.1190889569945256
M4 Dual physical reconstruction,839,844,6,0.18,0.024358794465490052
M4 Dual physical reconstruction,840,845,6,0.31,0.12850282642660954
M4 Dual physical reconstruction,841,846,6,0.39,0.3700948278557442
M4 Dual physical reconstruction,842,847,6,0.35,0.7248516252244701
M4 Dual physical reconstruction,843,848,6,0.5,0.7912238724101129
M4 Dual physical reconstruction,844,849,6,1.01,0.736875729193945
M4 Dual physical reconstruction,845,850,6,1.15,0.6745496602357084
M4 Dual physical reconstruction,846,851,6,1.1,0.37296181960396035
M4 Dual physical reconstruction,847,852,6,0.88,0.7551379569096559
M4 Dual physical reconstruction,848,853,6,0.87,1.005590698728297
M4 Dual physical reconstruction,849,854,6,0.92,1.2805162447101621
M4 Dual physical reconstruction,850,855,6,0.82,1.0702788175996063
M4 Dual physical reconstruction,851,856,6,0.83,0.8251945926056237
M4 Dual physical reconstruction,852,857,6,0.8,0.6721815475297999
M4 Dual physical reconstruction,853,858,6,0.65,0.6808138491445233
M4 Dual physical reconstruction,854,859,6,0.35,0.789704534524684
M4 Dual physical reconstruction,855,860,6,0.18,0.8207759264973229
M4 Dual physical reconstruction,856,861,6,0.78,0.9295782711506594
M4 Dual physical reconstruction,857,862,6,0.82,0.9921490590737597
M4 Dual physical reconstruction,858,863,6,0.73,0.9653102154457358
M4 Dual physical reconstruction,859,864,6,0.84,0.9865468261910467
M4 Dual physical reconstruction,860,865,6,0.67,0.6700500886981254
M4 Dual physical reconstruction,861,866,6,0.65,0.2057397631775665
M4 Dual physical reconstruction,862,867,6,0.66,-0.006352787909596258
M4 Dual physical reconstruction,863,868,6,0.05,-0.352659965253875
M4 Dual physical reconstruction,864,869,6,-0.05,-0.30563750108511256
M4 Dual physical reconstruction,865,870,6,0.08,-0.5231995607113868
M4 Dual physical reconstruction,866,871,6,-0.29,-0.836610814549696
M4 Dual physical reconstruction,867,872,6,-0.66,-0.9779920055079513
M4 Dual physical reconstruction,868,873,6,-0.9,-1.1982969085339785
M4 Dual physical reconstruction,869,874,6,-0.89,-1.1951401970093052
M4 Dual physical reconstruction,870,875,6,-1.02,-1.248803429303031
M4 Dual physical reconstruction,871,876,6,-1.12,-1.2201028782793233
M4 Dual physical reconstruction,872,877,6,-1.0,-1.0773662436060527
M4 Dual physical reconstruction,873,878,6,-0.64,-0.6948474700592189
M4 Dual physical reconstruction,874,879,6,-0.47,-0.6277109346751659
M4 Dual physical reconstruction,875,880,6,-0.25,-0.4936418676997637
M4 Dual physical reconstruction,876,881,6,-0.03,-0.5459148271007612
M4 Dual physical reconstruction,877,882,6,-0.18,-0.4725120935617436
M4 Dual physical reconstruction,878,883,6,-0.36,-0.5898677426151353
M4 Dual physical reconstruction,879,884,6,-0.49,-0.8052455190384302
M4 Dual physical reconstruction,880,885,6,-0.74,-0.8083209113715286
M4 Dual physical reconstruction,881,886,6,-0.69,-0.7192573941422573
M4 Dual physical reconstruction,882,887,6,-0.89,-0.7839699864619518
M4 Dual physical reconstruction,883,888,6,-0.56,-0.7237816754860792
M4 Dual physical reconstruction,884,889,6,-0.55,-0.4554861383965079
M4 Dual physical reconstruction,885,890,6,-0.67,-0.20861011510664368
M4 Dual physical reconstruction,886,891,6,-0.74,-0.04475227641719487
M4 Dual physical reconstruction,887,892,6,-0.78,0.09801079250888772
M4 Dual physical reconstruction,888,893,6,-0.52,-0.09328869020751579
M4 Dual physical reconstruction,889,894,6,-0.5,-0.4349988604223229
M4 Dual physical reconstruction,890,895,6,-0.8,-0.3569841540783569
M4 Dual physical reconstruction,891,896,6,-0.93,-0.44651036232973135
M4 Dual physical reconstruction,892,897,6,-0.83,-0.7342957892561917
M4 Dual physical reconstruction,893,898,6,-0.74,-0.7200812169167894
M4 Dual physical reconstruction,894,899,6,-0.63,-0.7111548704857613
M4 Dual physical reconstruction,895,900,6,-0.57,-0.6517949011193372
M4 Dual physical reconstruction,896,901,6,-0.47,-0.5353945301725898
M4 Dual physical reconstruction,897,902,6,-0.08,-0.36801398738672253
M4 Dual physical reconstruction,898,903,6,0.25,-0.019441723689681834
M4 Dual physical reconstruction,899,904,6,0.49,0.7542565497502036
M4 Dual physical reconstruction,900,905,6,0.86,0.9257092134033501
M4 Dual physical reconstruction,901,906,6,0.97,0.9800992973096524
M4 Dual physical reconstruction,902,907,6,1.2,1.1283660440008019
M4 Dual physical reconstruction,903,908,6,1.41,1.4380138662493698
M4 Dual physical reconstruction,904,909,6,1.51,1.5543671691756031
M4 Dual physical reconstruction,905,910,6,1.86,1.6655357900702237
M4 Dual physical reconstruction,906,911,6,1.76,1.8146511866164525
M4 Dual physical reconstruction,907,912,6,1.64,1.5881197836457919
M4 Dual physical reconstruction,908,913,6,1.39,1.5374313597531415
M4 Dual physical reconstruction,909,914,6,1.04,1.42613584297945
M4 Dual physical reconstruction,910,915,6,0.98,0.8880527786672224
M4 Dual physical reconstruction,911,916,6,0.5,0.7547684924223972
M4 Dual physical reconstruction,912,917,6,0.37,0.5403537977940627
M4 Dual physical reconstruction,913,918,6,0.4,0.5561702592492752
M4 Dual physical reconstruction,914,919,6,0.19,0.4215692129748925
M4 Dual physical reconstruction,915,920,6,-0.1,0.009369457834034395
M4 Dual physical reconstruction,916,921,6,-0.01,-0.07900826266841951
M4 Dual physical reconstruction,917,922,6,-0.03,-0.2178156155563175
M4 Dual physical reconstruction,918,923,6,-0.52,-0.17031312981294733
M4 Dual physical reconstruction,919,924,6,-0.64,-0.1677951391420076
M4 Dual physical reconstruction,920,925,6,-0.42,0.013733519926007687
M4 Dual physical reconstruction,921,926,6,0.04,-0.005817147493511865
M4 Dual physical reconstruction,922,927,6,-0.05,-0.0004086841367210714
M4 Dual physical reconstruction,923,928,6,0.07,0.32084208266101993
M4 Dual physical reconstruction,924,929,6,0.15,0.5949262134054636
M4 Dual physical reconstruction,925,930,6,0.14,0.34722465461208907
M4 Dual physical reconstruction,926,931,6,-0.15,0.3061537922137328
M4 Dual physical reconstruction,927,932,6,-0.32,0.5059038049544158
M4 Dual physical reconstruction,928,933,6,-0.42,0.31967304414045694
M4 Dual physical reconstruction,929,934,6,-0.54,0.09236293582676505
M4 Dual physical reconstruction,930,935,6,-0.39,-0.06435457634657152
M4 Dual physical reconstruction,801,809,9,1.23,1.0314651664023535
M4 Dual physical reconstruction,802,810,9,1.35,1.1614736360771805
M4 Dual physical reconstruction,803,811,9,1.49,1.689124414915894
M4 Dual physical reconstruction,804,812,9,1.67,1.7191233258963805
M4 Dual physical reconstruction,805,813,9,1.91,1.565987740302839
M4 Dual physical reconstruction,806,814,9,2.21,1.7369822704599935
M4 Dual physical reconstruction,807,815,9,2.13,0.6825388393569423
M4 Dual physical reconstruction,808,816,9,2.13,1.68698128837555
M4 Dual physical reconstruction,809,817,9,1.87,1.4563661576706763
M4 Dual physical reconstruction,810,818,9,1.5,0.6944339174297058
M4 Dual physical reconstruction,811,819,9,1.08,0.2105789168710156
M4 Dual physical reconstruction,812,820,9,0.63,0.1316663315813496
M4 Dual physical reconstruction,813,821,9,0.37,-0.04313597171186939
M4 Dual physical reconstruction,814,822,9,0.01,-0.13058018520807474
M4 Dual physical reconstruction,815,823,9,-0.1,-0.16942716300461785
M4 Dual physical reconstruction,816,824,9,-0.21,-0.11925157418150018
M4 Dual physical reconstruction,817,825,9,-0.39,-0.16395109547758863
M4 Dual physical reconstruction,818,826,9,-0.37,-0.3137163670294678
M4 Dual physical reconstruction,819,827,9,-0.17,-0.016076359467756707
M4 Dual physical reconstruction,820,828,9,-0.23,0.13170645038845064
M4 Dual physical reconstruction,821,829,9,0.22,0.19035256721065408
M4 Dual physical reconstruction,822,830,9,0.18,0.8039719164577419
M4 Dual physical reconstruction,823,831,9,0.35,0.8258882301637953
M4 Dual physical reconstruction,824,832,9,0.4,0.6231051701726438
M4 Dual physical reconstruction,825,833,9,0.45,0.20684703959706147
M4 Dual physical reconstruction,826,834,9,0.38,0.09306732936919115
M4 Dual physical reconstruction,827,835,9,0.05,-0.15135002296542915
M4 Dual physical reconstruction,828,836,9,-0.2,-0.4433515920840237
M4 Dual physical reconstruction,829,837,9,-0.12,-0.5018152661567105
M4 Dual physical reconstruction,830,838,9,-0.44,-0.5310751797611137
M4 Dual physical reconstruction,831,839,9,-0.65,-0.36070031558056603
M4 Dual physical reconstruction,832,840,9,-0.64,-0.18609652144089422
M4 Dual physical reconstruction,833,841,9,-0.48,0.04353628667561815
M4 Dual physical reconstruction,834,842,9,-0.49,0.11676149234843075
M4 Dual physical reconstruction,835,843,9,-0.11,0.16111992828055172
M4 Dual physical reconstruction,836,844,9,0.18,-0.0032542340593086916
M4 Dual physical reconstruction,837,845,9,0.31,0.11094067988790951
M4 Dual physical reconstruction,838,846,9,0.39,0.34627642049042445
M4 Dual physical reconstruction,839,847,9,0.35,0.46174335718333953
M4 Dual physical reconstruction,840,848,9,0.5,0.8469555933987235
M4 Dual physical reconstruction,841,849,9,1.01,0.8665653112383299
M4 Dual physical reconstruction,842,850,9,1.15,1.133565238615441
M4 Dual physical reconstruction,843,851,9,1.1,1.1703462781453313
M4 Dual physical reconstruction,844,852,9,0.88,1.219361039005202
M4 Dual physical reconstruction,845,853,9,0.87,1.3008530286268336
M4 Dual physical reconstruction,846,854,9,0.92,1.0349706640423415
M4 Dual physical reconstruction,847,855,9,0.82,0.896618117200793
M4 Dual physical reconstruction,848,856,9,0.83,0.5588525158103981
M4 Dual physical reconstruction,849,857,9,0.8,0.5707347455369789
M4 Dual physical reconstruction,850,858,9,0.65,1.11316218825053
M4 Dual physical reconstruction,851,859,9,0.35,1.287536930613833
M4 Dual physical reconstruction,852,860,9,0.18,1.2630915900960271
M4 Dual physical reconstruction,853,861,9,0.78,1.290840373141502
M4 Dual physical reconstruction,854,862,9,0.82,1.3306241696618415
M4 Dual physical reconstruction,855,863,9,0.73,1.316931996047809
M4 Dual physical reconstruction,856,864,9,0.84,1.265639768811233
M4 Dual physical reconstruction,857,865,9,0.67,0.6382443050104858
M4 Dual physical reconstruction,858,866,9,0.65,0.4863855551741305
M4 Dual physical reconstruction,859,867,9,0.66,0.5277749425446029
M4 Dual physical reconstruction,860,868,9,0.05,0.4997150440381285
M4 Dual physical reconstruction,861,869,9,-0.05,0.47010289884612183
M4 Dual physical reconstruction,862,870,9,0.08,0.1640642835549077
M4 Dual physical reconstruction,863,871,9,-0.29,-0.17776775570367492
M4 Dual physical reconstruction,864,872,9,-0.66,-0.6132713254013219
M4 Dual physical reconstruction,865,873,9,-0.9,-0.783010264374651
M4 Dual physical reconstruction,866,874,9,-0.89,-0.8898709542630463
M4 Dual physical reconstruction,867,875,9,-1.02,-1.2610575667704118
M4 Dual physical reconstruction,868,876,9,-1.12,-1.3291588025115137
M4 Dual physical reconstruction,869,877,9,-1.0,-1.0540823370720231
M4 Dual physical reconstruction,870,878,9,-0.64,-0.8585309333824653
M4 Dual physical reconstruction,871,879,9,-0.47,-0.680618967525959
M4 Dual physical reconstruction,872,880,9,-0.25,-0.6835369100229645
M4 Dual physical reconstruction,873,881,9,-0.03,-0.6572201971640014
M4 Dual physical reconstruction,874,882,9,-0.18,-0.4247884828645366
M4 Dual physical reconstruction,875,883,9,-0.36,-0.17110287719796424
M4 Dual physical reconstruction,876,884,9,-0.49,-0.13140759120556889
M4 Dual physical reconstruction,877,885,9,-0.74,-0.2733767325477452
M4 Dual physical reconstruction,878,886,9,-0.69,-0.43850229553395037
M4 Dual physical reconstruction,879,887,9,-0.89,-0.41509982500083253
M4 Dual physical reconstruction,880,888,9,-0.56,-0.651706049969613
M4 Dual physical reconstruction,881,889,9,-0.55,-0.43682913139208174
M4 Dual physical reconstruction,882,890,9,-0.67,-0.5412161610120751
M4 Dual physical reconstruction,883,891,9,-0.74,-0.2705054377906593
M4 Dual physical reconstruction,884,892,9,-0.78,0.017981975862986777
M4 Dual physical reconstruction,885,893,9,-0.52,0.3005785274968914
M4 Dual physical reconstruction,886,894,9,-0.5,0.12762596342980403
M4 Dual physical reconstruction,887,895,9,-0.8,0.02990839857106803
M4 Dual physical reconstruction,888,896,9,-0.93,-0.24022181021179734
M4 Dual physical reconstruction,889,897,9,-0.83,-0.5668471372188173
M4 Dual physical reconstruction,890,898,9,-0.74,-0.5183030020461193
M4 Dual physical reconstruction,891,899,9,-0.63,-0.4279237851593694
M4 Dual physical reconstruction,892,900,9,-0.57,-0.663189556104669
M4 Dual physical reconstruction,893,901,9,-0.47,-0.6059133859435091
M4 Dual physical reconstruction,894,902,9,-0.08,-0.38450930089026586
M4 Dual physical reconstruction,895,903,9,0.25,-0.1983355525803307
M4 Dual physical reconstruction,896,904,9,0.49,0.32524315050675545
M4 Dual physical reconstruction,897,905,9,0.86,0.5704401657304059
M4 Dual physical reconstruction,898,906,9,0.97,0.9021353167774503
M4 Dual physical reconstruction,899,907,9,1.2,1.4393764757467116
M4 Dual physical reconstruction,900,908,9,1.41,1.5120678413956599
M4 Dual physical reconstruction,901,909,9,1.51,1.413347054106788
M4 Dual physical reconstruction,902,910,9,1.86,1.3159275862801125
M4 Dual physical reconstruction,903,911,9,1.76,1.454453706007682
M4 Dual physical reconstruction,904,912,9,1.64,1.3310139590864232
M4 Dual physical reconstruction,905,913,9,1.39,1.0165122154882478
M4 Dual physical reconstruction,906,914,9,1.04,1.2197077914178427
M4 Dual physical reconstruction,907,915,9,0.98,1.1873804254120426
M4 Dual physical reconstruction,908,916,9,0.5,1.1089901562735995
M4 Dual physical reconstruction,909,917,9,0.37,0.9047515414623896
M4 Dual physical reconstruction,910,918,9,0.4,0.8821265903172637
M4 Dual physical reconstruction,911,919,9,0.19,0.7261208077871039
M4 Dual physical reconstruction,912,920,9,-0.1,0.3297497148946698
M4 Dual physical reconstruction,913,921,9,-0.01,0.1731416250052991
M4 Dual physical reconstruction,914,922,9,-0.03,0.005668912495807754
M4 Dual physical reconstruction,915,923,9,-0.52,0.049873009085095565
M4 Dual physical reconstruction,916,924,9,-0.64,-0.30718166049151924
M4 Dual physical reconstruction,917,925,9,-0.42,-0.22377960785624434
M4 Dual physical reconstruction,918,926,9,0.04,-0.23125089952339767
M4 Dual physical reconstruction,919,927,9,-0.05,0.11632426108797528
M4 Dual physical reconstruction,920,928,9,0.07,0.06807566280427152
M4 Dual physical reconstruction,921,929,9,0.15,-0.056895664735570284
M4 Dual physical reconstruction,922,930,9,0.14,-0.18862909695875474
M4 Dual physical reconstruction,923,931,9,-0.15,0.02792093013427127
M4 Dual physical reconstruction,924,932,9,-0.32,0.267034822792787
M4 Dual physical reconstruction,925,933,9,-0.42,0.20994154751492672
M4 Dual physical reconstruction,926,934,9,-0.54,0.641963712277133
M4 Dual physical reconstruction,927,935,9,-0.39,0.957212736208684
M4 Dual physical reconstruction,928,936,9,-0.4,0.5432751026410467
M4 Dual physical reconstruction,929,937,9,-0.02,0.5236194843148078
M4 Dual physical reconstruction,930,938,9,0.22,0.7058639363385213
M4 Dual physical reconstruction,801,812,12,1.67,1.5654687760909063
M4 Dual physical reconstruction,802,813,12,1.91,1.5623527127353876
M4 Dual physical reconstruction,803,814,12,2.21,1.4612896299022047
M4 Dual physical reconstruction,804,815,12,2.13,1.5434575062677431
M4 Dual physical reconstruction,805,816,12,2.13,1.5642362647557806
M4 Dual physical reconstruction,806,817,12,1.87,0.37501353337497056
M4 Dual physical reconstruction,807,818,12,1.5,0.26947988450943183
M4 Dual physical reconstruction,808,819,12,1.08,1.180338196427201
M4 Dual physical reconstruction,809,820,12,0.63,0.9104780333655056
M4 Dual physical reconstruction,810,821,12,0.37,-0.3614279907124386
M4 Dual physical reconstruction,811,822,12,0.01,-0.2645919261163957
M4 Dual physical reconstruction,812,823,12,-0.1,-0.1773894300974331
M4 Dual physical reconstruction,813,824,12,-0.21,0.4527708815773972
M4 Dual physical reconstruction,814,825,12,-0.39,0.6831801268174112
M4 Dual physical reconstruction,815,826,12,-0.37,0.891061423119277
M4 Dual physical reconstruction,816,827,12,-0.17,0.7559717121158509
M4 Dual physical reconstruction,817,828,12,-0.23,0.49296574356880785
M4 Dual physical reconstruction,818,829,12,0.22,0.3023889169269196
M4 Dual physical reconstruction,819,830,12,0.18,0.3113778728089164
M4 Dual physical reconstruction,820,831,12,0.35,0.3657687775022238
M4 Dual physical reconstruction,821,832,12,0.4,0.4708640053805551
M4 Dual physical reconstruction,822,833,12,0.45,0.663320317578029
M4 Dual physical reconstruction,823,834,12,0.38,0.7049644874150718
M4 Dual physical reconstruction,824,835,12,0.05,0.49549907160378187
M4 Dual physical reconstruction,825,836,12,-0.2,-0.07996027114435639
M4 Dual physical reconstruction,826,837,12,-0.12,-0.24528625291602424
M4 Dual physical reconstruction,827,838,12,-0.44,-0.5867556993089141
M4 Dual physical reconstruction,828,839,12,-0.65,-0.44713206746440604
M4 Dual physical reconstruction,829,840,12,-0.64,-0.05354786395535566
M4 Dual physical reconstruction,830,841,12,-0.48,0.24541457194430152
M4 Dual physical reconstruction,831,842,12,-0.49,0.44566825631786555
M4 Dual physical reconstruction,832,843,12,-0.11,0.6900503868837923
M4 Dual physical reconstruction,833,844,12,0.18,0.517830924760422
M4 Dual physical reconstruction,834,845,12,0.31,0.45396984967431164
M4 Dual physical reconstruction,835,846,12,0.39,0.3677824411293002
M4 Dual physical reconstruction,836,847,12,0.35,0.17825400869252966
M4 Dual physical reconstruction,837,848,12,0.5,0.11651472368233382
M4 Dual physical reconstruction,838,849,12,1.01,0.03426867494520586
M4 Dual physical reconstruction,839,850,12,1.15,0.29665721279187846
M4 Dual physical reconstruction,840,851,12,1.1,0.6921077521568861
M4 Dual physical reconstruction,841,852,12,0.88,0.7868445500581587
M4 Dual physical reconstruction,842,853,12,0.87,0.8720391305940831
M4 Dual physical reconstruction,843,854,12,0.92,0.6345998018539256
M4 Dual physical reconstruction,844,855,12,0.82,1.2133699538483285
M4 Dual physical reconstruction,845,856,12,0.83,1.1304599117144893
M4 Dual physical reconstruction,846,857,12,0.8,1.0243966724543898
M4 Dual physical reconstruction,847,858,12,0.65,0.8630404925363584
M4 Dual physical reconstruction,848,859,12,0.35,0.6362817930002623
M4 Dual physical reconstruction,849,860,12,0.18,0.5248055618998022
M4 Dual physical reconstruction,850,861,12,0.78,1.3554361227498934
M4 Dual physical reconstruction,851,862,12,0.82,1.3950696775923244
M4 Dual physical reconstruction,852,863,12,0.73,1.148834901411973
M4 Dual physical reconstruction,853,864,12,0.84,0.9724894908067802
M4 Dual physical reconstruction,854,865,12,0.67,0.6492193059619062
M4 Dual physical reconstruction,855,866,12,0.65,0.45810019738874047
M4 Dual physical reconstruction,856,867,12,0.66,0.19645359351894814
M4 Dual physical reconstruction,857,868,12,0.05,-0.43736292743317173
M4 Dual physical reconstruction,858,869,12,-0.05,-0.5632778727097477
M4 Dual physical reconstruction,859,870,12,0.08,-0.3694165572279037
M4 Dual physical reconstruction,860,871,12,-0.29,-0.43151346385634703
M4 Dual physical reconstruction,861,872,12,-0.66,-0.970853638770027
M4 Dual physical reconstruction,862,873,12,-0.9,-0.9514932872992882
M4 Dual physical reconstruction,863,874,12,-0.89,-1.038780799060217
M4 Dual physical reconstruction,864,875,12,-1.02,-1.0368589371484256
M4 Dual physical reconstruction,865,876,12,-1.12,-0.7277719133222166
M4 Dual physical reconstruction,866,877,12,-1.0,-0.6704806518638858
M4 Dual physical reconstruction,867,878,12,-0.64,-0.7491510264127572
M4 Dual physical reconstruction,868,879,12,-0.47,-0.7906724468752048
M4 Dual physical reconstruction,869,880,12,-0.25,-0.6396286788385642
M4 Dual physical reconstruction,870,881,12,-0.03,-0.7450692129967759
M4 Dual physical reconstruction,871,882,12,-0.18,-0.6534538112142929
M4 Dual physical reconstruction,872,883,12,-0.36,-0.6636498797724035
M4 Dual physical reconstruction,873,884,12,-0.49,-0.47675367497037635
M4 Dual physical reconstruction,874,885,12,-0.74,-0.4072267091989532
M4 Dual physical reconstruction,875,886,12,-0.69,-0.6254938163502918
M4 Dual physical reconstruction,876,887,12,-0.89,-0.7710588053212497
M4 Dual physical reconstruction,877,888,12,-0.56,-0.7610759412504101
M4 Dual physical reconstruction,878,889,12,-0.55,-0.6695647803418385
M4 Dual physical reconstruction,879,890,12,-0.67,-0.5952285221763832
M4 Dual physical reconstruction,880,891,12,-0.74,-0.42304218750563516
M4 Dual physical reconstruction,881,892,12,-0.78,-0.3823248662873704
M4 Dual physical reconstruction,882,893,12,-0.52,-0.3979557017677232
M4 Dual physical reconstruction,883,894,12,-0.5,-0.23275096024386935
M4 Dual physical reconstruction,884,895,12,-0.8,0.1455221185467067
M4 Dual physical reconstruction,885,896,12,-0.93,0.19113003267431639
M4 Dual physical reconstruction,886,897,12,-0.83,0.1891261044479762
M4 Dual physical reconstruction,887,898,12,-0.74,0.04778549187588044
M4 Dual physical reconstruction,888,899,12,-0.63,-0.4506566639776661
M4 Dual physical reconstruction,889,900,12,-0.57,-0.3376637083406602
M4 Dual physical reconstruction,890,901,12,-0.47,-0.3121155441683956
M4 Dual physical reconstruction,891,902,12,-0.08,-0.270259080021495
M4 Dual physical reconstruction,892,903,12,0.25,-0.23121347822105817
M4 Dual physical reconstruction,893,904,12,0.49,-0.13191735706915889
M4 Dual physical reconstruction,894,905,12,0.86,0.47936945956408605
M4 Dual physical reconstruction,895,906,12,0.97,0.6342402851957203
M4 Dual physical reconstruction,896,907,12,1.2,0.7552500106445745
M4 Dual physical reconstruction,897,908,12,1.41,1.0816135215082285
M4 Dual physical reconstruction,898,909,12,1.51,1.5192930086345875
M4 Dual physical reconstruction,899,910,12,1.86,1.6389461122295927
M4 Dual physical reconstruction,900,911,12,1.76,1.5495002883999212
M4 Dual physical reconstruction,901,912,12,1.64,1.3926677197609334
M4 Dual physical reconstruction,902,913,12,1.39,1.1550221492423156
M4 Dual physical reconstruction,903,914,12,1.04,1.089886597082301
M4 Dual physical reconstruction,904,915,12,0.98,0.8925194999507694
M4 Dual physical reconstruction,905,916,12,0.5,0.6986570576272123
M4 Dual physical reconstruction,906,917,12,0.37,0.5939267102008686
M4 Dual physical reconstruction,907,918,12,0.4,0.4677526639152966
M4 Dual physical reconstruction,908,919,12,0.19,0.40237001285249074
M4 Dual physical reconstruction,909,920,12,-0.1,0.36075216760097395
M4 Dual physical reconstruction,910,921,12,-0.01,0.10667758801432733
M4 Dual physical reconstruction,911,922,12,-0.03,0.08709984345982932
M4 Dual physical reconstruction,912,923,12,-0.52,-0.03766594718572408
M4 Dual physical reconstruction,913,924,12,-0.64,-0.10955243458790712
M4 Dual physical reconstruction,914,925,12,-0.42,-0.38483329248834997
M4 Dual physical reconstruction,915,926,12,0.04,-0.3896192615678198
M4 Dual physical reconstruction,916,927,12,-0.05,-0.11603473832234054
M4 Dual physical reconstruction,917,928,12,0.07,-0.0655755862230065
M4 Dual physical reconstruction,918,929,12,0.15,0.03910836402359111
M4 Dual physical reconstruction,919,930,12,0.14,0.06508223408162078
M4 Dual physical reconstruction,920,931,12,-0.15,-0.2980384504902499
M4 Dual physical reconstruction,921,932,12,-0.32,-0.29575264785416705
M4 Dual physical reconstruction,922,933,12,-0.42,0.030597261597339664
M4 Dual physical reconstruction,923,934,12,-0.54,-0.07201160249919478
M4 Dual physical reconstruction,924,935,12,-0.39,-0.10170874950809083
M4 Dual physical reconstruction,925,936,12,-0.4,-0.07508320755014228
M4 Dual physical reconstruction,926,937,12,-0.02,1.1094829149667493
M4 Dual physical reconstruction,927,938,12,0.22,1.6842057175809466
M4 Dual physical reconstruction,928,939,12,0.74,1.2761886398319942
M4 Dual physical reconstruction,929,940,12,1.09,1.142779069680369
M4 Dual physical reconstruction,930,941,12,1.58,1.444836858041794
M5 Dual fusion ResNet,801,801,1,0.45,-0.20947721186342655
M5 Dual fusion ResNet,802,802,1,0.84,-0.1867617719926289
M5 Dual fusion ResNet,803,803,1,0.78,-0.3404051543778201
M5 Dual fusion ResNet,804,804,1,0.63,-0.32167189933990786
M5 Dual fusion ResNet,805,805,1,0.67,-0.13956312725444436
M5 Dual fusion ResNet,806,806,1,0.74,-0.13462080522754233
M5 Dual fusion ResNet,807,807,1,1.07,0.1810329796630925
M5 Dual fusion ResNet,808,808,1,1.1,0.14616252172221667
M5 Dual fusion ResNet,809,809,1,1.23,0.3280700392571145
M5 Dual fusion ResNet,810,810,1,1.35,0.3602535439855806
M5 Dual fusion ResNet,811,811,1,1.49,0.23670101696701956
M5 Dual fusion ResNet,812,812,1,1.67,0.21872230611204302
M5 Dual fusion ResNet,813,813,1,1.91,0.29352741235516866
M5 Dual fusion ResNet,814,814,1,2.21,0.553627710522146
M5 Dual fusion ResNet,815,815,1,2.13,0.4264116091218679
M5 Dual fusion ResNet,816,816,1,2.13,0.4469964843129937
M5 Dual fusion ResNet,817,817,1,1.87,0.3677133909247727
M5 Dual fusion ResNet,818,818,1,1.5,0.26086924307700265
M5 Dual fusion ResNet,819,819,1,1.08,0.22719341666465626
M5 Dual fusion ResNet,820,820,1,0.63,0.2266503153468295
M5 Dual fusion ResNet,821,821,1,0.37,0.20449972346310769
M5 Dual fusion ResNet,822,822,1,0.01,0.11379162594483112
M5 Dual fusion ResNet,823,823,1,-0.1,0.27048538100558817
M5 Dual fusion ResNet,824,824,1,-0.21,0.41202170759973
M5 Dual fusion ResNet,825,825,1,-0.39,0.3525345202422779
M5 Dual fusion ResNet,826,826,1,-0.37,0.228787751973984
M5 Dual fusion ResNet,827,827,1,-0.17,0.318112804821357
M5 Dual fusion ResNet,828,828,1,-0.23,0.3444350602671316
M5 Dual fusion ResNet,829,829,1,0.22,0.4222900063924265
M5 Dual fusion ResNet,830,830,1,0.18,0.23379435715518632
M5 Dual fusion ResNet,831,831,1,0.35,0.3607832928484884
M5 Dual fusion ResNet,832,832,1,0.4,0.384957847239223
M5 Dual fusion ResNet,833,833,1,0.45,0.569185321196283
M5 Dual fusion ResNet,834,834,1,0.38,0.6507466826417156
M5 Dual fusion ResNet,835,835,1,0.05,0.6574649246661752
M5 Dual fusion ResNet,836,836,1,-0.2,0.7131147382612716
M5 Dual fusion ResNet,837,837,1,-0.12,0.5133787141159006
M5 Dual fusion ResNet,838,838,1,-0.44,0.370749878352023
M5 Dual fusion ResNet,839,839,1,-0.65,0.32224876035250277
M5 Dual fusion ResNet,840,840,1,-0.64,0.33855023759497405
M5 Dual fusion ResNet,841,841,1,-0.48,0.24861353792830115
M5 Dual fusion ResNet,842,842,1,-0.49,0.15789228367512892
M5 Dual fusion ResNet,843,843,1,-0.11,0.3153979071389622
M5 Dual fusion ResNet,844,844,1,0.18,0.44656072455458046
M5 Dual fusion ResNet,845,845,1,0.31,0.23752504175820605
M5 Dual fusion ResNet,846,846,1,0.39,0.24470166007709798
M5 Dual fusion ResNet,847,847,1,0.35,0.10436605407887535
M5 Dual fusion ResNet,848,848,1,0.5,-0.029595722769120106
M5 Dual fusion ResNet,849,849,1,1.01,0.0254020169485423
M5 Dual fusion ResNet,850,850,1,1.15,-0.052628729250962215
M5 Dual fusion ResNet,851,851,1,1.1,0.06250735834147782
M5 Dual fusion ResNet,852,852,1,0.88,0.24826319908669836
M5 Dual fusion ResNet,853,853,1,0.87,0.18820988068868466
M5 Dual fusion ResNet,854,854,1,0.92,0.11941970743983389
M5 Dual fusion ResNet,855,855,1,0.82,-0.02327182940815614
M5 Dual fusion ResNet,856,856,1,0.83,0.11665220456452556
M5 Dual fusion ResNet,857,857,1,0.8,0.6196781731389888
M5 Dual fusion ResNet,858,858,1,0.65,0.5311323034508106
M5 Dual fusion ResNet,859,859,1,0.35,0.30635868659888577
M5 Dual fusion ResNet,860,860,1,0.18,0.2389491006473134
M5 Dual fusion ResNet,861,861,1,0.78,0.661982925682689
M5 Dual fusion ResNet,862,862,1,0.82,0.7829328548188575
M5 Dual fusion ResNet,863,863,1,0.73,0.7991417782370047
M5 Dual fusion ResNet,864,864,1,0.84,0.8135669528566646
M5 Dual fusion ResNet,865,865,1,0.67,0.6191076710179082
M5 Dual fusion ResNet,866,866,1,0.65,0.558809332897465
M5 Dual fusion ResNet,867,867,1,0.66,0.5613743525353951
M5 Dual fusion ResNet,868,868,1,0.05,0.3873284081607277
M5 Dual fusion ResNet,869,869,1,-0.05,0.20747766885673946
M5 Dual fusion ResNet,870,870,1,0.08,0.3352734929658598
M5 Dual fusion ResNet,871,871,1,-0.29,0.2663391610465568
M5 Dual fusion ResNet,872,872,1,-0.66,0.2795270371726205
M5 Dual fusion ResNet,873,873,1,-0.9,0.25646525984736185
M5 Dual fusion ResNet,874,874,1,-0.89,0.18731694070264782
M5 Dual fusion ResNet,875,875,1,-1.02,0.2044703219662829
M5 Dual fusion ResNet,876,876,1,-1.12,0.0758388603445971
M5 Dual fusion ResNet,877,877,1,-1.0,0.12139039060718636
M5 Dual fusion ResNet,878,878,1,-0.64,0.15498921206372174
M5 Dual fusion ResNet,879,879,1,-0.47,0.17795763093789402
M5 Dual fusion ResNet,880,880,1,-0.25,0.3608584058440748
M5 Dual fusion ResNet,881,881,1,-0.03,0.594196904886415
M5 Dual fusion ResNet,882,882,1,-0.18,0.42558501822371003
M5 Dual fusion ResNet,883,883,1,-0.36,0.42154948881115645
M5 Dual fusion ResNet,884,884,1,-0.49,0.2595789044571079
M5 Dual fusion ResNet,885,885,1,-0.74,-0.20135674460578565
M5 Dual fusion ResNet,886,886,1,-0.69,-0.28142179385353083
M5 Dual fusion ResNet,887,887,1,-0.89,-0.2850310668021329
M5 Dual fusion ResNet,888,888,1,-0.56,-0.1049753542671374
M5 Dual fusion ResNet,889,889,1,-0.55,0.10595001622697127
M5 Dual fusion ResNet,890,890,1,-0.67,0.3093194956171493
M5 Dual fusion ResNet,891,891,1,-0.74,0.21076363407361537
M5 Dual fusion ResNet,892,892,1,-0.78,0.40891928427131646
M5 Dual fusion ResNet,893,893,1,-0.52,0.25006804215435724
M5 Dual fusion ResNet,894,894,1,-0.5,0.12027954899527364
M5 Dual fusion ResNet,895,895,1,-0.8,-0.0007315861414964597
M5 Dual fusion ResNet,896,896,1,-0.93,-0.23335377164544086
M5 Dual fusion ResNet,897,897,1,-0.83,-0.5913139400799695
M5 Dual fusion ResNet,898,898,1,-0.74,-0.6311703221195919
M5 Dual fusion ResNet,899,899,1,-0.63,-0.5398585805562991
M5 Dual fusion ResNet,900,900,1,-0.57,-0.6760693218246929
M5 Dual fusion ResNet,901,901,1,-0.47,-0.7346315363523043
M5 Dual fusion ResNet,902,902,1,-0.08,-0.8406353711536203
M5 Dual fusion ResNet,903,903,1,0.25,-0.6790602282331972
M5 Dual fusion ResNet,904,904,1,0.49,-0.26049030937457834
M5 Dual fusion ResNet,905,905,1,0.86,-0.053677168795464685
M5 Dual fusion ResNet,906,906,1,0.97,-0.08243779195704609
M5 Dual fusion ResNet,907,907,1,1.2,-0.19682486921429093
M5 Dual fusion ResNet,908,908,1,1.41,-0.13103557594012877
M5 Dual fusion ResNet,909,909,1,1.51,-0.1471426678611834
M5 Dual fusion ResNet,910,910,1,1.86,0.04199860736605836
M5 Dual fusion ResNet,911,911,1,1.76,0.32521526699810954
M5 Dual fusion ResNet,912,912,1,1.64,0.219111419264917
M5 Dual fusion ResNet,913,913,1,1.39,0.23769377416490972
M5 Dual fusion ResNet,914,914,1,1.04,0.32934848244892995
M5 Dual fusion ResNet,915,915,1,0.98,0.07234333334950237
M5 Dual fusion ResNet,916,916,1,0.5,-0.10418323183973933
M5 Dual fusion ResNet,917,917,1,0.37,-0.05380470757394328
M5 Dual fusion ResNet,918,918,1,0.4,-0.12948502483100044
M5 Dual fusion ResNet,919,919,1,0.19,-0.249388699962926
M5 Dual fusion ResNet,920,920,1,-0.1,0.004252696083721669
M5 Dual fusion ResNet,921,921,1,-0.01,0.19382880683593356
M5 Dual fusion ResNet,922,922,1,-0.03,-0.011987325071451685
M5 Dual fusion ResNet,923,923,1,-0.52,-0.23044694873358817
M5 Dual fusion ResNet,924,924,1,-0.64,-0.4142513847337456
M5 Dual fusion ResNet,925,925,1,-0.42,-0.3344367592557383
M5 Dual fusion ResNet,926,926,1,0.04,-0.20919097132943543
M5 Dual fusion ResNet,927,927,1,-0.05,-0.08544346435397046
M5 Dual fusion ResNet,928,928,1,0.07,0.0036340794569274526
M5 Dual fusion ResNet,929,929,1,0.15,0.02969175405128302
M5 Dual fusion ResNet,930,930,1,0.14,0.01942476005874151
M5 Dual fusion ResNet,801,803,3,0.78,0.5684996080488874
M5 Dual fusion ResNet,802,804,3,0.63,0.6323303865103151
M5 Dual fusion ResNet,803,805,3,0.67,0.5492337849514259
M5 Dual fusion ResNet,804,806,3,0.74,0.6218786357607329
M5 Dual fusion ResNet,805,807,3,1.07,0.6590838051397001
M5 Dual fusion ResNet,806,808,3,1.1,0.8170890043346324
M5 Dual fusion ResNet,807,809,3,1.23,1.0354448884369796
M5 Dual fusion ResNet,808,810,3,1.35,0.8968898530321887
M5 Dual fusion ResNet,809,811,3,1.49,0.9358211412247153
M5 Dual fusion ResNet,810,812,3,1.67,1.095314519597603
M5 Dual fusion ResNet,811,813,3,1.91,1.268570709405009
M5 Dual fusion ResNet,812,814,3,2.21,1.2584308070506216
M5 Dual fusion ResNet,813,815,3,2.13,1.2922986984016944
M5 Dual fusion ResNet,814,816,3,2.13,1.3334923535608014
M5 Dual fusion ResNet,815,817,3,1.87,1.3059427556215597
M5 Dual fusion ResNet,816,818,3,1.5,1.2959856847378068
M5 Dual fusion ResNet,817,819,3,1.08,1.139541452344045
M5 Dual fusion ResNet,818,820,3,0.63,0.8039253109314808
M5 Dual fusion ResNet,819,821,3,0.37,0.6086365490524839
M5 Dual fusion ResNet,820,822,3,0.01,0.7003062648795579
M5 Dual fusion ResNet,821,823,3,-0.1,0.9487366322823549
M5 Dual fusion ResNet,822,824,3,-0.21,1.0055173602431153
M5 Dual fusion ResNet,823,825,3,-0.39,1.257410314224199
M5 Dual fusion ResNet,824,826,3,-0.37,1.4300190046535282
M5 Dual fusion ResNet,825,827,3,-0.17,1.2769661235575134
M5 Dual fusion ResNet,826,828,3,-0.23,1.3265337187954513
M5 Dual fusion ResNet,827,829,3,0.22,1.59188988207474
M5 Dual fusion ResNet,828,830,3,0.18,1.6381540058585988
M5 Dual fusion ResNet,829,831,3,0.35,1.6830213661998192
M5 Dual fusion ResNet,830,832,3,0.4,1.676463580809709
M5 Dual fusion ResNet,831,833,3,0.45,1.7247476473790382
M5 Dual fusion ResNet,832,834,3,0.38,1.670853069416508
M5 Dual fusion ResNet,833,835,3,0.05,1.7804995171111822
M5 Dual fusion ResNet,834,836,3,-0.2,1.8291616653631815
M5 Dual fusion ResNet,835,837,3,-0.12,1.684991116572125
M5 Dual fusion ResNet,836,838,3,-0.44,1.624351092238305
M5 Dual fusion ResNet,837,839,3,-0.65,1.6019161184487987
M5 Dual fusion ResNet,838,840,3,-0.64,1.5153787062297053
M5 Dual fusion ResNet,839,841,3,-0.48,1.4929711571607942
M5 Dual fusion ResNet,840,842,3,-0.49,1.5751985761834628
M5 Dual fusion ResNet,841,843,3,-0.11,1.5408842138307515
M5 Dual fusion ResNet,842,844,3,0.18,1.5338838382956905
M5 Dual fusion ResNet,843,845,3,0.31,1.6742176859237379
M5 Dual fusion ResNet,844,846,3,0.39,1.6095710651452344
M5 Dual fusion ResNet,845,847,3,0.35,1.2609279227261956
M5 Dual fusion ResNet,846,848,3,0.5,1.1808968098651518
M5 Dual fusion ResNet,847,849,3,1.01,1.2241063544705215
M5 Dual fusion ResNet,848,850,3,1.15,1.3213288862880352
M5 Dual fusion ResNet,849,851,3,1.1,1.3927181074762571
M5 Dual fusion ResNet,850,852,3,0.88,1.071170416522705
M5 Dual fusion ResNet,851,853,3,0.87,1.1017165532726352
M5 Dual fusion ResNet,852,854,3,0.92,1.2612265762086516
M5 Dual fusion ResNet,853,855,3,0.82,1.1299116670409797
M5 Dual fusion ResNet,854,856,3,0.83,1.1981068569337239
M5 Dual fusion ResNet,855,857,3,0.8,1.080402198412102
M5 Dual fusion ResNet,856,858,3,0.65,1.2351911160665452
M5 Dual fusion ResNet,857,859,3,0.35,1.5829677063077852
M5 Dual fusion ResNet,858,860,3,0.18,1.5609203007395198
M5 Dual fusion ResNet,859,861,3,0.78,1.6354279196384334
M5 Dual fusion ResNet,860,862,3,0.82,1.7138215697009236
M5 Dual fusion ResNet,861,863,3,0.73,1.9892475211904364
M5 Dual fusion ResNet,862,864,3,0.84,2.1075712194744227
M5 Dual fusion ResNet,863,865,3,0.67,2.0354386848685606
M5 Dual fusion ResNet,864,866,3,0.65,2.0642958727878766
M5 Dual fusion ResNet,865,867,3,0.66,1.75025453484024
M5 Dual fusion ResNet,866,868,3,0.05,1.7728464677224607
M5 Dual fusion ResNet,867,869,3,-0.05,1.8475791763092777
M5 Dual fusion ResNet,868,870,3,0.08,1.653855952018217
M5 Dual fusion ResNet,869,871,3,-0.29,1.5713946466991522
M5 Dual fusion ResNet,870,872,3,-0.66,1.6509582456911824
M5 Dual fusion ResNet,871,873,3,-0.9,1.4145202429018413
M5 Dual fusion ResNet,872,874,3,-0.89,1.214863447458619
M5 Dual fusion ResNet,873,875,3,-1.02,1.072134852530301
M5 Dual fusion ResNet,874,876,3,-1.12,1.0006807779147597
M5 Dual fusion ResNet,875,877,3,-1.0,1.1082338052706708
M5 Dual fusion ResNet,876,878,3,-0.64,1.0981209826718399
M5 Dual fusion ResNet,877,879,3,-0.47,1.1667440154541204
M5 Dual fusion ResNet,878,880,3,-0.25,1.237801725239928
M5 Dual fusion ResNet,879,881,3,-0.03,1.2357919589231061
M5 Dual fusion ResNet,880,882,3,-0.18,1.1856392167378786
M5 Dual fusion ResNet,881,883,3,-0.36,1.2753619498852167
M5 Dual fusion ResNet,882,884,3,-0.49,1.1320743391113084
M5 Dual fusion ResNet,883,885,3,-0.74,0.8782851985524714
M5 Dual fusion ResNet,884,886,3,-0.69,0.6909047601910062
M5 Dual fusion ResNet,885,887,3,-0.89,0.41796993060951604
M5 Dual fusion ResNet,886,888,3,-0.56,0.606670765778126
M5 Dual fusion ResNet,887,889,3,-0.55,0.938552315679205
M5 Dual fusion ResNet,888,890,3,-0.67,1.1512359396463825
M5 Dual fusion ResNet,889,891,3,-0.74,1.3208104038345194
M5 Dual fusion ResNet,890,892,3,-0.78,1.2843826131707867
M5 Dual fusion ResNet,891,893,3,-0.52,1.2196272421637597
M5 Dual fusion ResNet,892,894,3,-0.5,1.3400723891959228
M5 Dual fusion ResNet,893,895,3,-0.8,1.1822712368215191
M5 Dual fusion ResNet,894,896,3,-0.93,0.914358106432402
M5 Dual fusion ResNet,895,897,3,-0.83,0.688561585164056
M5 Dual fusion ResNet,896,898,3,-0.74,0.4709541889549328
M5 Dual fusion ResNet,897,899,3,-0.63,0.34902207012245057
M5 Dual fusion ResNet,898,900,3,-0.57,0.38407827979138665
M5 Dual fusion ResNet,899,901,3,-0.47,0.405233347045193
M5 Dual fusion ResNet,900,902,3,-0.08,0.37138977572936493
M5 Dual fusion ResNet,901,903,3,0.25,0.3852938934679556
M5 Dual fusion ResNet,902,904,3,0.49,0.29522123640925024
M5 Dual fusion ResNet,903,905,3,0.86,0.45412166300084267
M5 Dual fusion ResNet,904,906,3,0.97,0.7103309489109416
M5 Dual fusion ResNet,905,907,3,1.2,0.7585775867735466
M5 Dual fusion ResNet,906,908,3,1.41,0.7701438333226607
M5 Dual fusion ResNet,907,909,3,1.51,0.6841558641693273
M5 Dual fusion ResNet,908,910,3,1.86,0.8170922815025022
M5 Dual fusion ResNet,909,911,3,1.76,0.7879247975306664
M5 Dual fusion ResNet,910,912,3,1.64,0.7703527958949941
M5 Dual fusion ResNet,911,913,3,1.39,0.7178470471792068
M5 Dual fusion ResNet,912,914,3,1.04,0.47210404367095515
M5 Dual fusion ResNet,913,915,3,0.98,0.47555869605334644
M5 Dual fusion ResNet,914,916,3,0.5,0.5441215324363332
M5 Dual fusion ResNet,915,917,3,0.37,0.40855906874428316
M5 Dual fusion ResNet,916,918,3,0.4,0.22425951314552564
M5 Dual fusion ResNet,917,919,3,0.19,0.17383916433134614
M5 Dual fusion ResNet,918,920,3,-0.1,0.1812280567415049
M5 Dual fusion ResNet,919,921,3,-0.01,0.5102950368899323
M5 Dual fusion ResNet,920,922,3,-0.03,0.6036043715470534
M5 Dual fusion ResNet,921,923,3,-0.52,0.6758526419234774
M5 Dual fusion ResNet,922,924,3,-0.64,0.512112528318179
M5 Dual fusion ResNet,923,925,3,-0.42,0.3847391034440921
M5 Dual fusion ResNet,924,926,3,0.04,0.5229374018779969
M5 Dual fusion ResNet,925,927,3,-0.05,0.6717961117894083
M5 Dual fusion ResNet,926,928,3,0.07,0.7556317578235809
M5 Dual fusion ResNet,927,929,3,0.15,0.6530179398951079
M5 Dual fusion ResNet,928,930,3,0.14,0.5354971046186071
M5 Dual fusion ResNet,929,931,3,-0.15,0.528655197398306
M5 Dual fusion ResNet,930,932,3,-0.32,0.3281531513684389
M5 Dual fusion ResNet,801,806,6,0.74,0.310880680993035
M5 Dual fusion ResNet,802,807,6,1.07,0.27159810744454826
M5 Dual fusion ResNet,803,808,6,1.1,0.32905561237945236
M5 Dual fusion ResNet,804,809,6,1.23,0.28537315320949286
M5 Dual fusion ResNet,805,810,6,1.35,0.22661954606754584
M5 Dual fusion ResNet,806,811,6,1.49,0.24723616037319587
M5 Dual fusion ResNet,807,812,6,1.67,0.2979140089753778
M5 Dual fusion ResNet,808,813,6,1.91,0.36301477114621106
M5 Dual fusion ResNet,809,814,6,2.21,0.3752366421052381
M5 Dual fusion ResNet,810,815,6,2.13,0.3662894546819463
M5 Dual fusion ResNet,811,816,6,2.13,0.3400620114851981
M5 Dual fusion ResNet,812,817,6,1.87,0.3061314906188929
M5 Dual fusion ResNet,813,818,6,1.5,0.18133424862424083
M5 Dual fusion ResNet,814,819,6,1.08,0.23680504234455582
M5 Dual fusion ResNet,815,820,6,0.63,0.1057457826937511
M5 Dual fusion ResNet,816,821,6,0.37,0.05173562971998183
M5 Dual fusion ResNet,817,822,6,0.01,0.18496311053124662
M5 Dual fusion ResNet,818,823,6,-0.1,0.35366458290689984
M5 Dual fusion ResNet,819,824,6,-0.21,0.23324087448977923
M5 Dual fusion ResNet,820,825,6,-0.39,0.24169183696778937
M5 Dual fusion ResNet,821,826,6,-0.37,0.24936107964803053
M5 Dual fusion ResNet,822,827,6,-0.17,0.28108005590356633
M5 Dual fusion ResNet,823,828,6,-0.23,0.3191609589965806
M5 Dual fusion ResNet,824,829,6,0.22,0.39252832716125496
M5 Dual fusion ResNet,825,830,6,0.18,0.3391287782171085
M5 Dual fusion ResNet,826,831,6,0.35,0.3820866208727335
M5 Dual fusion ResNet,827,832,6,0.4,0.48722096827969763
M5 Dual fusion ResNet,828,833,6,0.45,0.3666286240330997
M5 Dual fusion ResNet,829,834,6,0.38,0.44512843013732173
M5 Dual fusion ResNet,830,835,6,0.05,0.5641749315705882
M5 Dual fusion ResNet,831,836,6,-0.2,0.4839051824561128
M5 Dual fusion ResNet,832,837,6,-0.12,0.465765142728531
M5 Dual fusion ResNet,833,838,6,-0.44,0.4810276341423283
M5 Dual fusion ResNet,834,839,6,-0.65,0.49192409648865254
M5 Dual fusion ResNet,835,840,6,-0.64,0.5733062382665242
M5 Dual fusion ResNet,836,841,6,-0.48,0.705022207241507
M5 Dual fusion ResNet,837,842,6,-0.49,0.7016613943575707
M5 Dual fusion ResNet,838,843,6,-0.11,0.7428100894072914
M5 Dual fusion ResNet,839,844,6,0.18,0.6589019036660804
M5 Dual fusion ResNet,840,845,6,0.31,0.6060858088143046
M5 Dual fusion ResNet,841,846,6,0.39,0.6689386251876475
M5 Dual fusion ResNet,842,847,6,0.35,0.6289364812608998
M5 Dual fusion ResNet,843,848,6,0.5,0.5527212377877301
M5 Dual fusion ResNet,844,849,6,1.01,0.5536288953405051
M5 Dual fusion ResNet,845,850,6,1.15,0.5655976831672117
M5 Dual fusion ResNet,846,851,6,1.1,0.4648652484620235
M5 Dual fusion ResNet,847,852,6,0.88,0.4301086276781201
M5 Dual fusion ResNet,848,853,6,0.87,0.4437800335713936
M5 Dual fusion ResNet,849,854,6,0.92,0.44763178805301285
M5 Dual fusion ResNet,850,855,6,0.82,0.45276047373753114
M5 Dual fusion ResNet,851,856,6,0.83,0.5016643898629056
M5 Dual fusion ResNet,852,857,6,0.8,0.4551016220995998
M5 Dual fusion ResNet,853,858,6,0.65,0.4687758745311713
M5 Dual fusion ResNet,854,859,6,0.35,0.48205920236980615
M5 Dual fusion ResNet,855,860,6,0.18,0.4706928886868256
M5 Dual fusion ResNet,856,861,6,0.78,0.38339965135677634
M5 Dual fusion ResNet,857,862,6,0.82,0.5601911580930532
M5 Dual fusion ResNet,858,863,6,0.73,0.8006973784958379
M5 Dual fusion ResNet,859,864,6,0.84,0.6208442473025004
M5 Dual fusion ResNet,860,865,6,0.67,0.45408894453537274
M5 Dual fusion ResNet,861,866,6,0.65,0.45080947363977253
M5 Dual fusion ResNet,862,867,6,0.66,0.4461957526109983
M5 Dual fusion ResNet,863,868,6,0.05,0.31684857792306986
M5 Dual fusion ResNet,864,869,6,-0.05,0.33489679522585447
M5 Dual fusion ResNet,865,870,6,0.08,0.27035464463133585
M5 Dual fusion ResNet,866,871,6,-0.29,0.4408252836886156
M5 Dual fusion ResNet,867,872,6,-0.66,0.5656701836350765
M5 Dual fusion ResNet,868,873,6,-0.9,0.46369644258508347
M5 Dual fusion ResNet,869,874,6,-0.89,0.27276868162558254
M5 Dual fusion ResNet,870,875,6,-1.02,0.26528668509717657
M5 Dual fusion ResNet,871,876,6,-1.12,0.420630603991604
M5 Dual fusion ResNet,872,877,6,-1.0,0.5175574757684646
M5 Dual fusion ResNet,873,878,6,-0.64,0.7492861365529022
M5 Dual fusion ResNet,874,879,6,-0.47,0.9134182248902422
M5 Dual fusion ResNet,875,880,6,-0.25,0.8131025923988824
M5 Dual fusion ResNet,876,881,6,-0.03,0.7592258169961255
M5 Dual fusion ResNet,877,882,6,-0.18,0.7626074182355115
M5 Dual fusion ResNet,878,883,6,-0.36,0.7686306070155182
M5 Dual fusion ResNet,879,884,6,-0.49,0.7371952494849551
M5 Dual fusion ResNet,880,885,6,-0.74,0.408605230433881
M5 Dual fusion ResNet,881,886,6,-0.69,0.44840785790355375
M5 Dual fusion ResNet,882,887,6,-0.89,0.4743817866743
M5 Dual fusion ResNet,883,888,6,-0.56,0.4659427494665841
M5 Dual fusion ResNet,884,889,6,-0.55,0.4599524683944779
M5 Dual fusion ResNet,885,890,6,-0.67,0.6099100467590424
M5 Dual fusion ResNet,886,891,6,-0.74,0.5367518129005407
M5 Dual fusion ResNet,887,892,6,-0.78,0.5521451156879453
M5 Dual fusion ResNet,888,893,6,-0.52,0.5024152290330772
M5 Dual fusion ResNet,889,894,6,-0.5,0.46251098877203645
M5 Dual fusion ResNet,890,895,6,-0.8,0.46370235130852044
M5 Dual fusion ResNet,891,896,6,-0.93,0.43615066399200964
M5 Dual fusion ResNet,892,897,6,-0.83,0.37211442088592295
M5 Dual fusion ResNet,893,898,6,-0.74,0.3993031745694282
M5 Dual fusion ResNet,894,899,6,-0.63,0.3792678578877411
M5 Dual fusion ResNet,895,900,6,-0.57,0.2465920232598343
M5 Dual fusion ResNet,896,901,6,-0.47,0.1819221019121631
M5 Dual fusion ResNet,897,902,6,-0.08,0.165509199296943
M5 Dual fusion ResNet,898,903,6,0.25,0.1554754105724103
M5 Dual fusion ResNet,899,904,6,0.49,0.2698090581242033
M5 Dual fusion ResNet,900,905,6,0.86,0.32773805331175354
M5 Dual fusion ResNet,901,906,6,0.97,0.3111549406451185
M5 Dual fusion ResNet,902,907,6,1.2,0.40271548391893885
M5 Dual fusion ResNet,903,908,6,1.41,0.3927703260459602
M5 Dual fusion ResNet,904,909,6,1.51,0.3799063019245066
M5 Dual fusion ResNet,905,910,6,1.86,0.29511150576217904
M5 Dual fusion ResNet,906,911,6,1.76,0.16391127777156697
M5 Dual fusion ResNet,907,912,6,1.64,0.11661813572327803
M5 Dual fusion ResNet,908,913,6,1.39,0.1696804992672061
M5 Dual fusion ResNet,909,914,6,1.04,0.20623835341795763
M5 Dual fusion ResNet,910,915,6,0.98,0.07289459583015295
M5 Dual fusion ResNet,911,916,6,0.5,-0.01681371359897868
M5 Dual fusion ResNet,912,917,6,0.37,-0.08521209065147695
M5 Dual fusion ResNet,913,918,6,0.4,0.0018384226813650123
M5 Dual fusion ResNet,914,919,6,0.19,0.07765270320116063
M5 Dual fusion ResNet,915,920,6,-0.1,0.08961516179309084
M5 Dual fusion ResNet,916,921,6,-0.01,0.041069553675987525
M5 Dual fusion ResNet,917,922,6,-0.03,-0.042687361197598674
M5 Dual fusion ResNet,918,923,6,-0.52,-0.03198796232553536
M5 Dual fusion ResNet,919,924,6,-0.64,0.1664761166015599
M5 Dual fusion ResNet,920,925,6,-0.42,0.2439252481682123
M5 Dual fusion ResNet,921,926,6,0.04,0.17186467829388272
M5 Dual fusion ResNet,922,927,6,-0.05,0.3084565948560086
M5 Dual fusion ResNet,923,928,6,0.07,0.2931960442637783
M5 Dual fusion ResNet,924,929,6,0.15,0.3519492416767279
M5 Dual fusion ResNet,925,930,6,0.14,0.32059492422892377
M5 Dual fusion ResNet,926,931,6,-0.15,-0.008512194381617877
M5 Dual fusion ResNet,927,932,6,-0.32,-0.09837889371970505
M5 Dual fusion ResNet,928,933,6,-0.42,-0.0992473790238553
M5 Dual fusion ResNet,929,934,6,-0.54,-0.09810484971446236
M5 Dual fusion ResNet,930,935,6,-0.39,-0.14074585324929498
M5 Dual fusion ResNet,801,809,9,1.23,0.9378087139888536
M5 Dual fusion ResNet,802,810,9,1.35,0.9914263276736976
M5 Dual fusion ResNet,803,811,9,1.49,1.1061672861264131
M5 Dual fusion ResNet,804,812,9,1.67,0.9344521148243692
M5 Dual fusion ResNet,805,813,9,1.91,0.9693473604474001
M5 Dual fusion ResNet,806,814,9,2.21,1.0521952794623084
M5 Dual fusion ResNet,807,815,9,2.13,0.9688497958094455
M5 Dual fusion ResNet,808,816,9,2.13,1.1375192919407346
M5 Dual fusion ResNet,809,817,9,1.87,0.9789737570388388
M5 Dual fusion ResNet,810,818,9,1.5,0.8311314248481355
M5 Dual fusion ResNet,811,819,9,1.08,0.7638936152781939
M5 Dual fusion ResNet,812,820,9,0.63,0.7745774984402617
M5 Dual fusion ResNet,813,821,9,0.37,0.7153924909359347
M5 Dual fusion ResNet,814,822,9,0.01,0.7399853282441283
M5 Dual fusion ResNet,815,823,9,-0.1,0.637006266545055
M5 Dual fusion ResNet,816,824,9,-0.21,0.5249837583997907
M5 Dual fusion ResNet,817,825,9,-0.39,0.5562951414121576
M5 Dual fusion ResNet,818,826,9,-0.37,0.5651234422543656
M5 Dual fusion ResNet,819,827,9,-0.17,0.4128477910274111
M5 Dual fusion ResNet,820,828,9,-0.23,0.5338961510294846
M5 Dual fusion ResNet,821,829,9,0.22,0.7030254783043435
M5 Dual fusion ResNet,822,830,9,0.18,0.8471888163545396
M5 Dual fusion ResNet,823,831,9,0.35,0.8506733212839898
M5 Dual fusion ResNet,824,832,9,0.4,0.8641681988437367
M5 Dual fusion ResNet,825,833,9,0.45,0.7282311075613438
M5 Dual fusion ResNet,826,834,9,0.38,0.8437305308131876
M5 Dual fusion ResNet,827,835,9,0.05,0.8865480852972527
M5 Dual fusion ResNet,828,836,9,-0.2,0.8850841982111024
M5 Dual fusion ResNet,829,837,9,-0.12,1.0119812067188039
M5 Dual fusion ResNet,830,838,9,-0.44,1.173283313538478
M5 Dual fusion ResNet,831,839,9,-0.65,1.123956623463076
M5 Dual fusion ResNet,832,840,9,-0.64,1.1093286198479562
M5 Dual fusion ResNet,833,841,9,-0.48,1.0012027095148162
M5 Dual fusion ResNet,834,842,9,-0.49,0.9850995203272275
M5 Dual fusion ResNet,835,843,9,-0.11,1.0960805840274752
M5 Dual fusion ResNet,836,844,9,0.18,1.2635056079519615
M5 Dual fusion ResNet,837,845,9,0.31,1.304770181179135
M5 Dual fusion ResNet,838,846,9,0.39,1.338510221262079
M5 Dual fusion ResNet,839,847,9,0.35,1.2799951018740618
M5 Dual fusion ResNet,840,848,9,0.5,1.1631711682833263
M5 Dual fusion ResNet,841,849,9,1.01,1.1897562478470425
M5 Dual fusion ResNet,842,850,9,1.15,1.1052281317941743
M5 Dual fusion ResNet,843,851,9,1.1,0.8953388251410505
M5 Dual fusion ResNet,844,852,9,0.88,1.13188350346743
M5 Dual fusion ResNet,845,853,9,0.87,1.2705128256691758
M5 Dual fusion ResNet,846,854,9,0.92,1.1232152357654064
M5 Dual fusion ResNet,847,855,9,0.82,1.1332245734198572
M5 Dual fusion ResNet,848,856,9,0.83,1.258502707208473
M5 Dual fusion ResNet,849,857,9,0.8,1.2440609129976423
M5 Dual fusion ResNet,850,858,9,0.65,1.3923816627731493
M5 Dual fusion ResNet,851,859,9,0.35,1.4790182833682384
M5 Dual fusion ResNet,852,860,9,0.18,1.3994198435177558
M5 Dual fusion ResNet,853,861,9,0.78,1.4473780367808118
M5 Dual fusion ResNet,854,862,9,0.82,1.4526584835469971
M5 Dual fusion ResNet,855,863,9,0.73,1.4850559874617317
M5 Dual fusion ResNet,856,864,9,0.84,1.3306132693092714
M5 Dual fusion ResNet,857,865,9,0.67,1.3019465945753297
M5 Dual fusion ResNet,858,866,9,0.65,1.2031194247303887
M5 Dual fusion ResNet,859,867,9,0.66,0.9422674761813188
M5 Dual fusion ResNet,860,868,9,0.05,0.8035370713386154
M5 Dual fusion ResNet,861,869,9,-0.05,0.5083109443809714
M5 Dual fusion ResNet,862,870,9,0.08,0.35436717083426
M5 Dual fusion ResNet,863,871,9,-0.29,0.10999395677089151
M5 Dual fusion ResNet,864,872,9,-0.66,0.24951452254800627
M5 Dual fusion ResNet,865,873,9,-0.9,0.4306461844027263
M5 Dual fusion ResNet,866,874,9,-0.89,0.6045037557059469
M5 Dual fusion ResNet,867,875,9,-1.02,0.6322785831286097
M5 Dual fusion ResNet,868,876,9,-1.12,0.5284292361150488
M5 Dual fusion ResNet,869,877,9,-1.0,0.46334702248832005
M5 Dual fusion ResNet,870,878,9,-0.64,0.44589616537728594
M5 Dual fusion ResNet,871,879,9,-0.47,0.5226120250007426
M5 Dual fusion ResNet,872,880,9,-0.25,0.5889369858745306
M5 Dual fusion ResNet,873,881,9,-0.03,0.7375169108514682
M5 Dual fusion ResNet,874,882,9,-0.18,0.9245170366868671
M5 Dual fusion ResNet,875,883,9,-0.36,1.0364062054439744
M5 Dual fusion ResNet,876,884,9,-0.49,0.9120564449892019
M5 Dual fusion ResNet,877,885,9,-0.74,0.8060982053174779
M5 Dual fusion ResNet,878,886,9,-0.69,0.7169052806308075
M5 Dual fusion ResNet,879,887,9,-0.89,0.5773748394591623
M5 Dual fusion ResNet,880,888,9,-0.56,0.6179486094331383
M5 Dual fusion ResNet,881,889,9,-0.55,0.6889046128537534
M5 Dual fusion ResNet,882,890,9,-0.67,0.6782922292730453
M5 Dual fusion ResNet,883,891,9,-0.74,0.784789950104486
M5 Dual fusion ResNet,884,892,9,-0.78,0.9157524299831805
M5 Dual fusion ResNet,885,893,9,-0.52,0.876285782296447
M5 Dual fusion ResNet,886,894,9,-0.5,0.7708686624961957
M5 Dual fusion ResNet,887,895,9,-0.8,0.7492982996502097
M5 Dual fusion ResNet,888,896,9,-0.93,0.3989141699569561
M5 Dual fusion ResNet,889,897,9,-0.83,0.19548453567453
M5 Dual fusion ResNet,890,898,9,-0.74,0.14356883195841463
M5 Dual fusion ResNet,891,899,9,-0.63,0.1341427031931729
M5 Dual fusion ResNet,892,900,9,-0.57,0.2800191634504292
M5 Dual fusion ResNet,893,901,9,-0.47,0.3069074046890301
M5 Dual fusion ResNet,894,902,9,-0.08,0.3684743228548908
M5 Dual fusion ResNet,895,903,9,0.25,0.4360122754201664
M5 Dual fusion ResNet,896,904,9,0.49,0.5525885047917642
M5 Dual fusion ResNet,897,905,9,0.86,0.47611439827633095
M5 Dual fusion ResNet,898,906,9,0.97,0.525704532828528
M5 Dual fusion ResNet,899,907,9,1.2,0.7739099390196053
M5 Dual fusion ResNet,900,908,9,1.41,0.8667111344973073
M5 Dual fusion ResNet,901,909,9,1.51,0.875369052440871
M5 Dual fusion ResNet,902,910,9,1.86,0.9668957614122371
M5 Dual fusion ResNet,903,911,9,1.76,1.0096516485854792
M5 Dual fusion ResNet,904,912,9,1.64,0.9925068424568997
M5 Dual fusion ResNet,905,913,9,1.39,0.9051722169016849
M5 Dual fusion ResNet,906,914,9,1.04,0.804746440614642
M5 Dual fusion ResNet,907,915,9,0.98,0.7273507743563514
M5 Dual fusion ResNet,908,916,9,0.5,0.6062382458518272
M5 Dual fusion ResNet,909,917,9,0.37,0.6335122743370167
M5 Dual fusion ResNet,910,918,9,0.4,0.37132848437014604
M5 Dual fusion ResNet,911,919,9,0.19,0.2239097807304002
M5 Dual fusion ResNet,912,920,9,-0.1,0.11511027361750197
M5 Dual fusion ResNet,913,921,9,-0.01,0.20629438402185213
M5 Dual fusion ResNet,914,922,9,-0.03,0.26175934334378165
M5 Dual fusion ResNet,915,923,9,-0.52,0.2854053502488787
M5 Dual fusion ResNet,916,924,9,-0.64,0.27398853169188336
M5 Dual fusion ResNet,917,925,9,-0.42,0.09552432602220333
M5 Dual fusion ResNet,918,926,9,0.04,0.20931810907987364
M5 Dual fusion ResNet,919,927,9,-0.05,0.3016593440420252
M5 Dual fusion ResNet,920,928,9,0.07,0.23468545331280827
M5 Dual fusion ResNet,921,929,9,0.15,0.18995427161352146
M5 Dual fusion ResNet,922,930,9,0.14,0.32496415390989786
M5 Dual fusion ResNet,923,931,9,-0.15,0.44044559445641773
M5 Dual fusion ResNet,924,932,9,-0.32,0.4178259385985833
M5 Dual fusion ResNet,925,933,9,-0.42,0.23734525498898734
M5 Dual fusion ResNet,926,934,9,-0.54,0.2007438301218631
M5 Dual fusion ResNet,927,935,9,-0.39,0.03528975598106797
M5 Dual fusion ResNet,928,936,9,-0.4,0.030250587958976546
M5 Dual fusion ResNet,929,937,9,-0.02,0.037330933188308255
M5 Dual fusion ResNet,930,938,9,0.22,0.14553558793373
M5 Dual fusion ResNet,801,812,12,1.67,0.8907603226404452
M5 Dual fusion ResNet,802,813,12,1.91,1.0522534445380431
M5 Dual fusion ResNet,803,814,12,2.21,0.9790409153945732
M5 Dual fusion ResNet,804,815,12,2.13,0.9788279992490252
M5 Dual fusion ResNet,805,816,12,2.13,1.0619493644344389
M5 Dual fusion ResNet,806,817,12,1.87,0.9375026224529492
M5 Dual fusion ResNet,807,818,12,1.5,1.071701472918802
M5 Dual fusion ResNet,808,819,12,1.08,1.023832484687431
M5 Dual fusion ResNet,809,820,12,0.63,0.9555261200065643
M5 Dual fusion ResNet,810,821,12,0.37,0.9853606303190379
M5 Dual fusion ResNet,811,822,12,0.01,1.0399098840630034
M5 Dual fusion ResNet,812,823,12,-0.1,0.9008471606977042
M5 Dual fusion ResNet,813,824,12,-0.21,0.8360173683901753
M5 Dual fusion ResNet,814,825,12,-0.39,0.9944787942765676
M5 Dual fusion ResNet,815,826,12,-0.37,0.9858722467139003
M5 Dual fusion ResNet,816,827,12,-0.17,1.0001824077677828
M5 Dual fusion ResNet,817,828,12,-0.23,1.0161389373411485
M5 Dual fusion ResNet,818,829,12,0.22,1.0109026756472523
M5 Dual fusion ResNet,819,830,12,0.18,1.0133335397956786
M5 Dual fusion ResNet,820,831,12,0.35,0.9886361247531474
M5 Dual fusion ResNet,821,832,12,0.4,1.0754459490482018
M5 Dual fusion ResNet,822,833,12,0.45,1.1539859283878715
M5 Dual fusion ResNet,823,834,12,0.38,1.2670872079416429
M5 Dual fusion ResNet,824,835,12,0.05,1.28426710461882
M5 Dual fusion ResNet,825,836,12,-0.2,1.1461890969806543
M5 Dual fusion ResNet,826,837,12,-0.12,1.1849401786068068
M5 Dual fusion ResNet,827,838,12,-0.44,1.3189988578471052
M5 Dual fusion ResNet,828,839,12,-0.65,1.4439396304821854
M5 Dual fusion ResNet,829,840,12,-0.64,1.6305674089992113
M5 Dual fusion ResNet,830,841,12,-0.48,1.5222299780798951
M5 Dual fusion ResNet,831,842,12,-0.49,1.4469748436416452
M5 Dual fusion ResNet,832,843,12,-0.11,1.4929877212198244
M5 Dual fusion ResNet,833,844,12,0.18,1.413745684774931
M5 Dual fusion ResNet,834,845,12,0.31,1.3406732410729114
M5 Dual fusion ResNet,835,846,12,0.39,1.3035449373377064
M5 Dual fusion ResNet,836,847,12,0.35,1.19979858586786
M5 Dual fusion ResNet,837,848,12,0.5,1.1228687741558838
M5 Dual fusion ResNet,838,849,12,1.01,1.0355807034823323
M5 Dual fusion ResNet,839,850,12,1.15,0.9748619427795968
M5 Dual fusion ResNet,840,851,12,1.1,1.105866450573503
M5 Dual fusion ResNet,841,852,12,0.88,1.132215466965847
M5 Dual fusion ResNet,842,853,12,0.87,0.9684740294926377
M5 Dual fusion ResNet,843,854,12,0.92,0.8207363886339694
M5 Dual fusion ResNet,844,855,12,0.82,1.205250766150936
M5 Dual fusion ResNet,845,856,12,0.83,1.371435763819929
M5 Dual fusion ResNet,846,857,12,0.8,1.2374306996444844
M5 Dual fusion ResNet,847,858,12,0.65,1.2539166029221922
M5 Dual fusion ResNet,848,859,12,0.35,1.3434824989030507
M5 Dual fusion ResNet,849,860,12,0.18,1.3118195862029018
M5 Dual fusion ResNet,850,861,12,0.78,1.486870799916663
M5 Dual fusion ResNet,851,862,12,0.82,1.5614815241674203
M5 Dual fusion ResNet,852,863,12,0.73,1.592457306196401
M5 Dual fusion ResNet,853,864,12,0.84,1.7058625188298162
M5 Dual fusion ResNet,854,865,12,0.67,1.5634072057287667
M5 Dual fusion ResNet,855,866,12,0.65,1.5034228427383745
M5 Dual fusion ResNet,856,867,12,0.66,1.3790460148014543
M5 Dual fusion ResNet,857,868,12,0.05,1.2868473188919034
M5 Dual fusion ResNet,858,869,12,-0.05,1.2185738953068832
M5 Dual fusion ResNet,859,870,12,0.08,1.1548823722722295
M5 Dual fusion ResNet,860,871,12,-0.29,1.1878173774471292
M5 Dual fusion ResNet,861,872,12,-0.66,1.1107579459543624
M5 Dual fusion ResNet,862,873,12,-0.9,1.1174571697538893
M5 Dual fusion ResNet,863,874,12,-0.89,1.0797623477974116
M5 Dual fusion ResNet,864,875,12,-1.02,1.2018593773926383
M5 Dual fusion ResNet,865,876,12,-1.12,1.313278430671552
M5 Dual fusion ResNet,866,877,12,-1.0,1.4278568267080756
M5 Dual fusion ResNet,867,878,12,-0.64,1.357914988088904
M5 Dual fusion ResNet,868,879,12,-0.47,1.3591938575078524
M5 Dual fusion ResNet,869,880,12,-0.25,1.403525881356834
M5 Dual fusion ResNet,870,881,12,-0.03,1.3674594990421525
M5 Dual fusion ResNet,871,882,12,-0.18,1.3787375351643105
M5 Dual fusion ResNet,872,883,12,-0.36,1.3375752339494944
M5 Dual fusion ResNet,873,884,12,-0.49,1.170217481797912
M5 Dual fusion ResNet,874,885,12,-0.74,1.1161221975310778
M5 Dual fusion ResNet,875,886,12,-0.69,1.1866799660152916
M5 Dual fusion ResNet,876,887,12,-0.89,0.9942370546721542
M5 Dual fusion ResNet,877,888,12,-0.56,0.9092479121954362
M5 Dual fusion ResNet,878,889,12,-0.55,0.9502761328560656
M5 Dual fusion ResNet,879,890,12,-0.67,0.8450754834750686
M5 Dual fusion ResNet,880,891,12,-0.74,1.0153016844883893
M5 Dual fusion ResNet,881,892,12,-0.78,1.0102047361790096
M5 Dual fusion ResNet,882,893,12,-0.52,0.9646403378953208
M5 Dual fusion ResNet,883,894,12,-0.5,0.8305488891273837
M5 Dual fusion ResNet,884,895,12,-0.8,0.8460426134609301
M5 Dual fusion ResNet,885,896,12,-0.93,0.6955119279677341
M5 Dual fusion ResNet,886,897,12,-0.83,0.662717265586596
M5 Dual fusion ResNet,887,898,12,-0.74,0.753682471868091
M5 Dual fusion ResNet,888,899,12,-0.63,0.6603292077059493
M5 Dual fusion ResNet,889,900,12,-0.57,0.632670439617301
M5 Dual fusion ResNet,890,901,12,-0.47,0.6658513878176986
M5 Dual fusion ResNet,891,902,12,-0.08,0.5010222079087323
M5 Dual fusion ResNet,892,903,12,0.25,0.6424557465498213
M5 Dual fusion ResNet,893,904,12,0.49,0.6362350264811029
M5 Dual fusion ResNet,894,905,12,0.86,0.7969821698123488
M5 Dual fusion ResNet,895,906,12,0.97,0.9039242364998021
M5 Dual fusion ResNet,896,907,12,1.2,1.0180519228551375
M5 Dual fusion ResNet,897,908,12,1.41,1.0358236440641986
M5 Dual fusion ResNet,898,909,12,1.51,1.1060113399247642
M5 Dual fusion ResNet,899,910,12,1.86,1.3027064835074944
M5 Dual fusion ResNet,900,911,12,1.76,1.2461170264236545
M5 Dual fusion ResNet,901,912,12,1.64,1.084709945982134
M5 Dual fusion ResNet,902,913,12,1.39,0.8948568567317021
M5 Dual fusion ResNet,903,914,12,1.04,0.8445333279392655
M5 Dual fusion ResNet,904,915,12,0.98,0.9452291108950779
M5 Dual fusion ResNet,905,916,12,0.5,0.9136099480878499
M5 Dual fusion ResNet,906,917,12,0.37,0.9110918415058933
M5 Dual fusion ResNet,907,918,12,0.4,0.6777130989818828
M5 Dual fusion ResNet,908,919,12,0.19,0.528156963799524
M5 Dual fusion ResNet,909,920,12,-0.1,0.601035063614461
M5 Dual fusion ResNet,910,921,12,-0.01,0.6573716291603978
M5 Dual fusion ResNet,911,922,12,-0.03,0.6450180319452176
M5 Dual fusion ResNet,912,923,12,-0.52,0.5705032143224711
M5 Dual fusion ResNet,913,924,12,-0.64,0.6343057419873983
M5 Dual fusion ResNet,914,925,12,-0.42,0.643070389653307
M5 Dual fusion ResNet,915,926,12,0.04,0.5044410475802352
M5 Dual fusion ResNet,916,927,12,-0.05,0.5666019677434382
M5 Dual fusion ResNet,917,928,12,0.07,0.5028973626329603
M5 Dual fusion ResNet,918,929,12,0.15,0.5879109106871998
M5 Dual fusion ResNet,919,930,12,0.14,0.5569383026700585
M5 Dual fusion ResNet,920,931,12,-0.15,0.611517280605979
M5 Dual fusion ResNet,921,932,12,-0.32,0.5868892649033948
M5 Dual fusion ResNet,922,933,12,-0.42,0.6888880226113139
M5 Dual fusion ResNet,923,934,12,-0.54,0.6442134628359932
M5 Dual fusion ResNet,924,935,12,-0.39,0.5047409059149504
M5 Dual fusion ResNet,925,936,12,-0.4,0.6521764580522057
M5 Dual fusion ResNet,926,937,12,-0.02,0.7871700124553496
M5 Dual fusion ResNet,927,938,12,0.22,0.6633181832334791
M5 Dual fusion ResNet,928,939,12,0.74,0.7061096961470252
M5 Dual fusion ResNet,929,940,12,1.09,0.7210764487311352
M5 Dual fusion ResNet,930,941,12,1.58,0.7143841734440133
